ori,des,path,len
345,241,345_169_369_168_374_156_157_176_177_189_190_211_202_235_245_239_241,1516
345,241,345_169_369_168_374_156_157_176_177_189_190_211_202_235_245_239_241,1516
390,325,390_344_168_374_156_157_176_177_189_190_211_202_235_246_34_33_31_357_40_50_20_23_73_22_329_89_281_325,2144
395,80,395_7_340_27_72_409_365_362_358_380_377_42_47_355_19_24_349_313_79_80,771
395,382,395_7_340_27_72_409_365_362_358_380_377_42_47_355_19_24_349_313_79_81_117_301_382,941
395,260,395_7_340_27_72_409_365_362_358_380_377_42_47_355_19_24_349_313_79_81_117_301_382_276_267_265_262_261_260,1337
345,88,345_169_369_168_374_156_157_176_177_189_190_211_202_235_246_34_33_31_357_40_50_20_23_73_22_329_88,2086
393,392,393_95_376_231_198_196_195_180_315_185_179_418_251_164_174_159_167_166_392,1339
324,233,324_326_280_397_385_91_85_314_347_83_77_75_310_237_233,968
283,181,283_21_85_314_347_83_77_75_310_236_376_231_198_196_195_181,1147
55,392,55_132_134_52_360_0_366_351_248_30_236_376_231_198_196_195_180_315_185_179_418_251_164_174_159_167_166_392,1920
324,208,324_326_280_397_385_91_85_314_347_83_77_75_310_237_233_234_200_208,1249
324,8,324_326_280_397_385_91_85_314_347_83_78_49_364_46_41_378_381_352_1_127_408_71_26_341_8,1119
374,398,374_156_157_176_177_189_190_211_202_235_246_34_33_31_357_40_50_19_24_349_313_79_81_117_302_388_387_403_398,1953
390,242,390_344_168_374_156_157_176_177_189_190_211_202_235_245_239_241_242,1596
395,251,395_7_340_27_72_409_366_351_248_30_236_376_231_198_196_195_180_315_185_179_418_251,1522
345,245,345_169_369_168_374_156_157_176_177_189_190_211_202_235_245,1339
345,246,345_169_369_168_374_156_157_176_177_189_190_211_202_235_246,1283
331,392,331_52_360_0_366_351_248_30_236_376_231_198_196_195_180_315_185_179_418_251_164_174_159_167_166_392,1804
300,392,300_198_196_195_180_315_185_179_418_251_164_174_159_167_166_392,1135
324,4,324_326_280_397_385_91_85_314_347_83_77_75_310_237_233_234_200_208_145_146_148_227_151_152_154_4,2052
395,306,395_7_340_27_72_409_365_362_358_380_377_42_47_355_19_24_349_313_79_81_117_301_382_275_273_372_306,1073
324,392,324_326_280_397_385_91_85_314_347_83_77_75_310_236_376_231_198_196_195_180_315_185_179_418_251_164_174_159_167_166_392,2098
248,257,248_30_236_376_231_198_196_195_180_315_185_179_418_251_164_173_257,1296
367,325,367_400_286_235_246_34_33_31_357_40_50_20_23_73_22_329_89_281_325,1418
400,392,400_287_200_208_145_146_148_227_151_152_153_155_164_174_159_167_166_392,1419
390,242,390_344_168_374_156_157_176_177_189_190_211_202_235_245_239_241_242,1596
345,239,345_169_369_168_374_156_157_176_177_189_190_211_202_235_245_239,1452
231,392,231_198_196_195_180_315_185_179_418_251_164_174_159_167_166_392,1135
390,241,390_344_168_374_156_157_176_177_189_190_211_202_235_245_239_241,1500
283,251,283_21_85_314_347_83_77_75_310_236_376_231_198_196_195_180_315_185_179_418_251,1561
390,392,390_344_168_373_167_166_392,455
345,306,345_169_369_168_374_156_157_176_177_189_190_211_202_235_246_34_33_31_357_40_50_19_24_349_313_79_81_117_301_382_275_273_372_306,2298
345,325,345_169_369_168_374_156_157_176_177_189_190_211_202_235_246_34_33_31_357_40_50_20_23_73_22_329_89_281_325,2160
324,234,324_326_280_397_385_91_85_314_347_83_77_75_310_237_233_234,1083
137,179,137_135_320_131_134_52_360_0_366_351_248_30_236_376_231_198_196_195_180_315_185_179,1448
345,34,345_169_369_168_374_156_157_176_177_189_190_211_202_235_246_34,1345
345,241,345_169_369_168_374_156_157_176_177_189_190_211_202_235_245_239_241,1516
144,392,144_210_191_193_180_315_185_179_418_251_164_174_159_167_166_392,1100
345,306,345_169_369_168_374_156_157_176_177_189_190_211_202_235_246_34_33_31_357_40_50_19_24_349_313_79_81_117_301_382_275_273_372_306,2298
324,179,324_326_280_397_385_91_85_314_347_83_77_75_310_236_376_231_198_196_195_180_315_185_179,1557
324,33,324_326_280_397_385_91_85_314_347_83_77_75_310_237_232_33,990
324,240,324_326_280_397_385_91_85_314_347_83_78_49_364_46_41_378_381_352_1_127_408_70_56_9_11_421_240,1319
55,185,55_132_134_52_360_0_366_351_248_30_236_376_231_198_196_195_180_315_185,1207
144,392,144_210_191_193_180_315_185_179_418_251_164_174_159_167_166_392,1100
324,4,324_326_280_397_385_91_85_314_347_83_77_75_310_237_233_234_200_208_145_146_148_227_151_152_154_4,2052
345,242,345_169_369_168_374_156_157_176_177_189_190_211_202_235_245_239_241_242,1612
324,154,324_326_280_397_385_91_85_314_347_83_77_75_310_237_233_234_200_208_145_146_148_227_151_152_154,1970
345,242,345_169_369_168_374_156_157_176_177_189_190_211_202_235_245_239_241_242,1612
326,240,326_280_397_385_91_85_314_347_83_78_49_364_46_41_378_381_352_1_127_408_70_56_9_11_421_240,1273
345,241,345_169_369_168_374_156_157_176_177_189_190_211_202_235_245_239_241,1516
198,392,198_196_195_180_315_185_179_418_251_164_174_159_167_166_392,1057
367,392,367_400_287_200_208_145_146_148_227_151_152_153_155_164_174_159_167_166_392,1656
345,32,345_169_369_168_374_156_157_176_177_189_190_211_202_235_246_34_32,1450
48,4,48_45_43_37_39_75_310_237_233_234_200_208_145_146_148_227_151_152_154_4,1719
300,392,300_198_196_195_180_315_185_179_418_251_164_174_159_167_166_392,1135
324,234,324_326_280_397_385_91_85_314_347_83_77_75_310_237_233_234,1083
15,392,15_34_33_30_236_376_231_198_196_195_180_315_185_179_418_251_164_174_159_167_166_392,1608
324,4,324_326_280_397_385_91_85_314_347_83_77_75_310_237_233_234_200_208_145_146_148_227_151_152_154_4,2052
390,32,390_344_168_374_156_157_176_177_189_190_211_202_235_246_34_32,1434
390,242,390_344_168_374_156_157_176_177_189_190_211_202_235_245_239_241_242,1596
144,391,144_210_191_193_180_315_185_179_418_251_164_174_159_167_166_391,1026
395,260,395_7_340_27_72_409_365_362_358_380_377_42_47_355_19_24_349_313_79_81_117_301_382_276_267_265_262_261_260,1337
345,30,345_169_369_168_374_156_157_176_177_189_190_211_202_235_246_34_33_30,1531
345,325,345_169_369_168_374_156_157_176_177_189_190_211_202_235_246_34_33_31_357_40_50_20_23_73_22_329_89_281_325,2160
134,392,134_52_360_0_366_351_248_30_236_376_231_198_196_195_180_315_185_179_418_251_164_174_159_167_166_392,1804
206,240,206_196_195_180_315_184_183_177_189_190_211_202_235_245_239_240,1347
390,50,390_344_168_374_156_157_176_177_189_190_211_202_235_246_34_33_31_357_40_50,1667
345,241,345_169_369_168_374_156_157_176_177_189_190_211_202_235_245_239_241,1516
390,242,390_344_168_374_156_157_176_177_189_190_211_202_235_245_239_241_242,1596
324,208,324_326_280_397_385_91_85_314_347_83_77_75_310_237_233_234_200_208,1249
367,392,367_400_287_200_208_145_146_148_227_151_152_153_155_164_174_159_167_166_392,1656
324,208,324_326_280_397_385_91_85_314_347_83_77_75_310_237_233_234_200_208,1249
390,242,390_344_168_374_156_157_176_177_189_190_211_202_235_245_239_241_242,1596
345,242,345_169_369_168_374_156_157_176_177_189_190_211_202_235_245_239_241_242,1612
324,4,324_326_280_397_385_91_85_314_347_83_77_75_310_237_233_234_200_208_145_146_148_227_151_152_154_4,2052
390,242,390_344_168_374_156_157_176_177_189_190_211_202_235_245_239_241_242,1596
395,260,395_7_340_27_72_409_365_362_358_380_377_42_47_355_19_24_349_313_79_81_117_301_382_276_267_265_262_261_260,1337
390,242,390_344_168_374_156_157_176_177_189_190_211_202_235_245_239_241_242,1596
390,240,390_344_168_374_156_157_176_177_189_190_211_202_235_245_239_240,1535
367,22,367_400_286_235_246_34_33_31_357_40_50_20_23_73_22,1234
319,51,319_317_305_274_308_386_397_385_91_85_314_347_83_78_49_364_48_44_51,1111
324,36,324_326_280_397_385_91_85_314_347_83_78_49_364_46_43_38_36,950
345,51,345_169_369_168_374_156_157_176_177_189_190_211_202_235_246_34_33_31_356_35_338_361_353_51,1805
283,195,283_21_85_314_347_83_77_75_310_236_376_231_198_196_195,1034
324,392,324_326_280_397_385_91_85_314_347_83_77_75_310_236_376_231_198_196_195_180_315_185_179_418_251_164_174_159_167_166_392,2098
345,242,345_169_369_168_374_156_157_176_177_189_190_211_202_235_245_239_241_242,1612
345,32,345_169_369_168_374_156_157_176_177_189_190_211_202_235_246_34_32,1450
390,240,390_344_168_374_156_157_176_177_189_190_211_202_235_245_239_240,1535
324,240,324_326_280_397_385_91_85_314_347_83_78_49_364_46_41_378_381_352_1_127_408_70_56_9_11_421_240,1319
324,415,324_326_280_397_385_91_85_314_347_83_77_75_310_236_376_231_198_196_195_180_315_185_179_418_251_163_258_162_415,2020
395,325,395_7_340_27_72_409_365_362_358_380_377_42_47_355_20_23_73_22_329_89_281_325,936
55,418,55_132_134_52_360_0_366_351_248_30_236_376_231_198_196_195_180_315_185_179_418,1473
390,240,390_344_168_374_156_157_176_177_189_190_211_202_235_245_239_240,1535
144,392,144_210_191_193_180_315_185_179_418_251_164_174_159_167_166_392,1100
236,391,236_376_231_198_196_195_180_315_185_179_418_251_164_174_159_167_166_391,1206
326,227,326_280_397_385_91_85_314_347_83_77_75_310_237_233_234_200_208_145_146_148_227,1600
324,8,324_326_280_397_385_91_85_314_347_83_78_49_364_46_41_378_381_352_1_127_408_71_26_341_8,1119
324,4,324_326_280_397_385_91_85_314_347_83_77_75_310_237_233_234_200_208_145_146_148_227_151_152_154_4,2052
345,246,345_169_369_168_374_156_157_176_177_189_190_211_202_235_246,1283
390,242,390_344_168_374_156_157_176_177_189_190_211_202_235_245_239_241_242,1596
198,392,198_196_195_180_315_185_179_418_251_164_174_159_167_166_392,1057
390,51,390_344_168_374_156_157_176_177_189_190_211_202_235_246_34_33_31_356_35_338_361_353_51,1788
15,392,15_34_33_30_236_376_231_198_196_195_180_315_185_179_418_251_164_174_159_167_166_392,1608
30,391,30_236_376_231_198_196_195_180_315_185_179_418_251_164_174_159_167_166_391,1286
345,238,345_169_369_168_374_156_157_176_177_189_190_211_202_235_245_238,1441
351,392,351_248_30_236_376_231_198_196_195_180_315_185_179_418_251_164_174_159_167_166_392,1588
324,400,324_326_280_397_385_91_85_314_347_83_78_49_364_46_43_38_36_249_13_16_238_400,1516
238,162,238_400_287_200_208_145_146_148_227_151_152_153_155_163_258_162,1483
324,4,324_326_280_397_385_91_85_314_347_83_77_75_310_237_233_234_200_208_145_146_148_227_151_152_154_4,2052
324,392,324_326_280_397_385_91_85_314_347_83_77_75_310_236_376_231_198_196_195_180_315_185_179_418_251_164_174_159_167_166_392,2098
390,242,390_344_168_374_156_157_176_177_189_190_211_202_235_245_239_241_242,1596
235,325,235_246_34_33_31_357_40_50_20_23_73_22_329_89_281_325,950
55,174,55_132_134_52_360_0_366_351_248_30_236_376_231_198_196_195_180_315_185_179_418_251_164_174,1671
404,198,404_55_132_134_52_360_0_366_351_248_30_236_376_231_198,873
345,81,345_169_369_168_374_156_157_176_177_189_190_211_202_235_246_34_33_31_357_40_50_19_24_349_313_79_81,2011
345,325,345_169_369_168_374_156_157_176_177_189_190_211_202_235_246_34_33_31_357_40_50_20_23_73_22_329_89_281_325,2160
248,392,248_30_236_376_231_198_196_195_180_315_185_179_418_251_164_174_159_167_166_392,1481
324,154,324_326_280_397_385_91_85_314_347_83_77_75_310_237_233_234_200_208_145_146_148_227_151_152_154,1970
324,4,324_326_280_397_385_91_85_314_347_83_77_75_310_237_233_234_200_208_145_146_148_227_151_152_154_4,2052
345,51,345_169_369_168_374_156_157_176_177_189_190_211_202_235_246_34_33_31_356_35_338_361_353_51,1805
367,391,367_400_287_200_208_145_146_148_227_151_152_153_155_164_174_159_167_166_391,1582
55,179,55_132_134_52_360_0_366_351_248_30_236_376_231_198_196_195_180_315_185_179,1378
15,325,15_34_33_31_357_40_50_20_23_73_22_329_89_281_325,877
83,4,83_77_75_310_237_233_234_200_208_145_146_148_227_151_152_154_4,1494
395,313,395_7_340_27_72_409_365_362_358_380_377_42_47_355_19_24_349_313,647
345,242,345_169_369_168_374_156_157_176_177_189_190_211_202_235_245_239_241_242,1612
345,246,345_169_369_168_374_156_157_176_177_189_190_211_202_235_246,1283
345,246,345_169_369_168_374_156_157_176_177_189_190_211_202_235_246,1283
367,392,367_400_287_200_208_145_146_148_227_151_152_153_155_164_174_159_167_166_392,1656
390,242,390_344_168_374_156_157_176_177_189_190_211_202_235_245_239_241_242,1596
395,306,395_7_340_27_72_409_365_362_358_380_377_42_47_355_19_24_349_313_79_81_117_301_382_275_273_372_306,1073
324,4,324_326_280_397_385_91_85_314_347_83_77_75_310_237_233_234_200_208_145_146_148_227_151_152_154_4,2052
390,32,390_344_168_374_156_157_176_177_189_190_211_202_235_246_34_32,1434
324,4,324_326_280_397_385_91_85_314_347_83_77_75_310_237_233_234_200_208_145_146_148_227_151_152_154_4,2052
324,154,324_326_280_397_385_91_85_314_347_83_77_75_310_237_233_234_200_208_145_146_148_227_151_152_154,1970
324,179,324_326_280_397_385_91_85_314_347_83_77_75_310_236_376_231_198_196_195_180_315_185_179,1557
94,4,94_310_237_233_234_200_208_145_146_148_227_151_152_154_4,1372
390,242,390_344_168_374_156_157_176_177_189_190_211_202_235_245_239_241_242,1596
385,325,385_90_89_281_325,259
93,8,93_78_49_364_46_41_378_381_352_1_127_408_71_26_341_8,561
324,4,324_326_280_397_385_91_85_314_347_83_77_75_310_237_233_234_200_208_145_146_148_227_151_152_154_4,2052
397,4,397_385_91_85_314_347_83_77_75_310_237_233_234_200_208_145_146_148_227_151_152_154_4,1965
52,260,52_360_0_365_362_358_380_377_42_47_355_19_24_349_313_79_81_117_301_382_276_267_265_262_261_260,1171
345,242,345_169_369_168_374_156_157_176_177_189_190_211_202_235_245_239_241_242,1612
390,240,390_344_168_374_156_157_176_177_189_190_211_202_235_245_239_240,1535
324,208,324_326_280_397_385_91_85_314_347_83_77_75_310_237_233_234_200_208,1249
390,242,390_344_168_374_156_157_176_177_189_190_211_202_235_245_239_241_242,1596
345,241,345_169_369_168_374_156_157_176_177_189_190_211_202_235_245_239_241,1516
324,4,324_326_280_397_385_91_85_314_347_83_77_75_310_237_233_234_200_208_145_146_148_227_151_152_154_4,2052
324,240,324_326_280_397_385_91_85_314_347_83_78_49_364_46_41_378_381_352_1_127_408_70_56_9_11_421_240,1319
48,4,48_45_43_37_39_75_310_237_233_234_200_208_145_146_148_227_151_152_154_4,1719
47,306,47_355_19_24_349_313_79_81_117_301_382_275_273_372_306,712
78,8,78_49_364_46_41_378_381_352_1_127_408_71_26_341_8,443
390,242,390_344_168_374_156_157_176_177_189_190_211_202_235_245_239_241_242,1596
300,392,300_198_196_195_180_315_185_179_418_251_164_174_159_167_166_392,1135
132,185,132_134_52_360_0_366_351_248_30_236_376_231_198_196_195_180_315_185,1114
211,325,211_202_235_246_34_33_31_357_40_50_20_23_73_22_329_89_281_325,1206
413,242,413_250_410_411_184_183_177_189_190_211_202_235_245_239_241_242,1396
345,88,345_169_369_168_374_156_157_176_177_189_190_211_202_235_246_34_33_31_357_40_50_20_23_73_22_329_88,2086
28,222,28_143_65_27_72_409_366_351_248_30_236_376_231_198_196_195_181_222,1213
206,392,206_196_195_180_315_185_179_418_251_164_174_159_167_166_392,1057
326,194,326_280_397_385_91_85_314_347_83_77_75_310_236_376_231_198_196_194,1209
324,145,324_326_280_397_385_91_85_314_347_83_77_75_310_237_233_234_200_208_145,1350
219,392,219_288_213_294_195_180_315_185_179_418_251_164_174_159_167_166_392,1120
50,306,50_19_24_349_313_79_81_117_301_382_275_273_372_306,614
283,4,283_21_85_314_347_83_77_75_310_237_233_234_200_208_145_146_148_227_151_152_154_4,1881
390,240,390_344_168_374_156_157_176_177_189_190_211_202_235_245_239_240,1535
367,392,367_400_287_200_208_145_146_148_227_151_152_153_155_164_174_159_167_166_392,1656
390,242,390_344_168_374_156_157_176_177_189_190_211_202_235_245_239_241_242,1596
345,187,345_169_369_168_374_155_163_258_162_415_413_250_410_412_187,1100
72,306,72_409_365_362_358_380_377_42_47_355_19_24_349_313_79_81_117_301_382_275_273_372_306,916
357,306,357_40_50_19_24_349_313_79_81_117_301_382_275_273_372_306,767
367,392,367_400_287_200_208_145_146_148_227_151_152_153_155_164_174_159_167_166_392,1656
345,242,345_169_369_168_374_156_157_176_177_189_190_211_202_235_245_239_241_242,1612
390,329,390_344_168_374_156_157_176_177_189_190_211_202_235_246_34_33_31_357_40_50_20_23_73_22_329,2000
324,315,324_326_280_397_385_91_85_314_347_83_77_75_310_236_376_231_198_196_195_180_315,1328
367,174,367_400_287_200_208_145_146_148_227_151_152_153_155_164_174,1407
248,66,248_31_356_35_338_361_352_1_127_408_71_26_341_6_66,586
324,392,324_326_280_397_385_91_85_314_347_83_77_75_310_236_376_231_198_196_195_180_315_185_179_418_251_164_174_159_167_166_392,2098
59,80,59_7_340_27_72_409_365_362_358_380_377_42_47_355_19_24_349_313_79_80,771
206,392,206_196_195_180_315_185_179_418_251_164_174_159_167_166_392,1057
324,376,324_326_280_397_385_91_85_314_347_83_77_75_310_236_376,906
345,325,345_169_369_168_374_156_157_176_177_189_190_211_202_235_246_34_33_31_357_40_50_20_23_73_22_329_89_281_325,2160
345,242,345_169_369_168_374_156_157_176_177_189_190_211_202_235_245_239_241_242,1612
395,306,395_7_340_27_72_409_365_362_358_380_377_42_47_355_19_24_349_313_79_81_117_301_382_275_273_372_306,1073
231,391,231_198_196_195_180_315_185_179_418_251_164_174_159_167_166_391,1060
91,242,91_85_314_347_83_78_49_364_46_41_378_381_352_1_127_408_70_56_9_11_421_241_242,1095
345,23,345_169_369_168_374_156_157_176_177_189_190_211_202_235_246_34_33_31_357_40_50_20_23,1789
326,181,326_280_397_385_91_85_314_347_83_77_75_310_236_376_231_198_196_195_181,1272
395,349,395_7_340_27_72_409_365_362_358_380_377_42_47_355_19_24_349,630
324,325,324_326_279_281_325,218
400,392,400_287_200_208_145_146_148_227_151_152_153_155_164_174_159_167_166_392,1419
345,241,345_169_369_168_374_156_157_176_177_189_190_211_202_235_245_239_241,1516
324,233,324_326_280_397_385_91_85_314_347_83_77_75_310_237_233,968
324,4,324_326_280_397_385_91_85_314_347_83_77_75_310_237_233_234_200_208_145_146_148_227_151_152_154_4,2052
248,4,248_30_237_233_234_200_208_145_146_148_227_151_152_154_4,1436
367,392,367_400_287_200_208_145_146_148_227_151_152_153_155_164_174_159_167_166_392,1656
324,4,324_326_280_397_385_91_85_314_347_83_77_75_310_237_233_234_200_208_145_146_148_227_151_152_154_4,2052
390,242,390_344_168_374_156_157_176_177_189_190_211_202_235_245_239_241_242,1596
355,306,355_19_24_349_313_79_81_117_301_382_275_273_372_306,614
345,203,345_169_369_168_374_155_163_258_162_415_413_250_410_412_186_223_214_297_203,1315
390,325,390_344_168_374_156_157_176_177_189_190_211_202_235_246_34_33_31_357_40_50_20_23_73_22_329_89_281_325,2144
345,325,345_169_369_168_374_156_157_176_177_189_190_211_202_235_246_34_33_31_357_40_50_20_23_73_22_329_89_281_325,2160
331,392,331_52_360_0_366_351_248_30_236_376_231_198_196_195_180_315_185_179_418_251_164_174_159_167_166_392,1804
347,204,347_83_77_75_310_236_376_231_198_197_291_299_204,788
288,392,288_213_294_195_180_315_185_179_418_251_164_174_159_167_166_392,1055
345,242,345_169_369_168_374_156_157_176_177_189_190_211_202_235_245_239_241_242,1612
135,179,135_320_131_134_52_360_0_366_351_248_30_236_376_231_198_196_195_180_315_185_179,1421
65,306,65_27_72_409_365_362_358_380_377_42_47_355_19_24_349_313_79_81_117_301_382_275_273_372_306,988
30,392,30_236_376_231_198_196_195_180_315_185_179_418_251_164_174_159_167_166_392,1360
345,88,345_169_369_168_374_156_157_176_177_189_190_211_202_235_246_34_33_31_357_40_50_20_23_73_22_329_88,2086
236,392,236_376_231_198_196_195_180_315_185_179_418_251_164_174_159_167_166_392,1281
211,325,211_202_235_246_34_33_31_357_40_50_20_23_73_22_329_89_281_325,1206
390,242,390_344_168_374_156_157_176_177_189_190_211_202_235_245_239_241_242,1596
390,241,390_344_168_374_156_157_176_177_189_190_211_202_235_245_239_241,1500
345,40,345_169_369_168_374_156_157_176_177_189_190_211_202_235_246_34_33_31_357_40,1590
345,239,345_169_369_168_374_156_157_176_177_189_190_211_202_235_245_239,1452
390,242,390_344_168_374_156_157_176_177_189_190_211_202_235_245_239_241_242,1596
345,246,345_169_369_168_374_156_157_176_177_189_190_211_202_235_246,1283
345,271,345_169_369_168_374_156_157_176_177_189_190_211_202_235_246_34_33_31_357_40_50_19_24_349_313_79_80_118_124_116_277_271,2267
390,242,390_344_168_374_156_157_176_177_189_190_211_202_235_245_239_241_242,1596
324,239,324_326_280_397_385_91_85_314_347_83_78_49_364_46_43_38_36_249_13_16_239,1290
390,240,390_344_168_374_156_157_176_177_189_190_211_202_235_245_239_240,1535
324,240,324_326_280_397_385_91_85_314_347_83_78_49_364_46_41_378_381_352_1_127_408_70_56_9_11_421_240,1319
344,242,344_168_374_156_157_176_177_189_190_211_202_235_245_239_241_242,1551
390,242,390_344_168_374_156_157_176_177_189_190_211_202_235_245_239_241_242,1596
395,80,395_7_340_27_72_409_365_362_358_380_377_42_47_355_19_24_349_313_79_80,771
367,392,367_400_287_200_208_145_146_148_227_151_152_153_155_164_174_159_167_166_392,1656
324,240,324_326_280_397_385_91_85_314_347_83_78_49_364_46_41_378_381_352_1_127_408_70_56_9_11_421_240,1319
169,23,169_369_168_374_156_157_176_177_189_190_211_202_235_246_34_33_31_357_40_50_20_23,1771
345,242,345_169_369_168_374_156_157_176_177_189_190_211_202_235_245_239_241_242,1612
236,391,236_376_231_198_196_195_180_315_185_179_418_251_164_174_159_167_166_391,1206
324,334,324_326_280_397_385_91_85_314_347_83_77_75_310_236_376_231_198_196_195_180_315_185_179_418_252_334,1821
15,116,15_34_33_31_357_40_50_19_24_349_313_79_80_118_124_116,864
367,392,367_400_287_200_208_145_146_148_227_151_152_153_155_164_174_159_167_166_392,1656
390,4,390_342_370_402_4,238
345,241,345_169_369_168_374_156_157_176_177_189_190_211_202_235_245_239_241,1516
385,150,385_91_85_314_347_83_77_75_310_237_233_234_200_208_145_146_148_227_150,1567
55,179,55_132_134_52_360_0_366_351_248_30_236_376_231_198_196_195_180_315_185_179,1378
324,222,324_326_280_397_385_91_85_314_347_83_77_75_310_236_376_231_198_196_195_181_222,1410
331,392,331_52_360_0_366_351_248_30_236_376_231_198_196_195_180_315_185_179_418_251_164_174_159_167_166_392,1804
395,260,395_7_340_27_72_409_365_362_358_380_377_42_47_355_19_24_349_313_79_81_117_301_382_276_267_265_262_261_260,1337
149,23,149_176_177_189_190_211_202_235_246_34_33_31_357_40_50_20_23,1357
400,325,400_286_235_246_34_33_31_357_40_50_20_23_73_22_329_89_281_325,1181
345,51,345_169_369_168_374_156_157_176_177_189_190_211_202_235_246_34_33_31_356_35_338_361_353_51,1805
395,306,395_7_340_27_72_409_365_362_358_380_377_42_47_355_19_24_349_313_79_81_117_301_382_275_273_372_306,1073
324,4,324_326_280_397_385_91_85_314_347_83_77_75_310_237_233_234_200_208_145_146_148_227_151_152_154_4,2052
390,240,390_344_168_374_156_157_176_177_189_190_211_202_235_245_239_240,1535
395,349,395_7_340_27_72_409_365_362_358_380_377_42_47_355_19_24_349,630
186,391,186_223_213_294_195_180_315_185_179_418_251_164_174_159_167_166_391,1029
390,240,390_344_168_374_156_157_176_177_189_190_211_202_235_245_239_240,1535
345,240,345_169_369_168_374_156_157_176_177_189_190_211_202_235_245_239_240,1552
236,392,236_376_231_198_196_195_180_315_185_179_418_251_164_174_159_167_166_392,1281
324,153,324_326_280_397_385_91_85_314_347_83_77_75_310_237_233_234_200_208_145_146_148_227_151_152_153,1925
149,325,149_176_177_189_190_211_202_235_246_34_33_31_357_40_50_20_23_73_22_329_89_281_325,1728
390,240,390_344_168_374_156_157_176_177_189_190_211_202_235_245_239_240,1535
345,240,345_169_369_168_374_156_157_176_177_189_190_211_202_235_245_239_240,1552
310,392,310_236_376_231_198_196_195_180_315_185_179_418_251_164_174_159_167_166_392,1360
345,356,345_169_369_168_374_156_157_176_177_189_190_211_202_235_246_34_33_31_356,1575
55,392,55_132_134_52_360_0_366_351_248_30_236_376_231_198_196_195_180_315_185_179_418_251_164_174_159_167_166_392,1920
324,294,324_326_280_397_385_91_85_314_347_83_77_75_310_236_376_231_198_196_195_181_223_213_294,1479
390,51,390_344_168_374_156_157_176_177_189_190_211_202_235_246_34_33_31_356_35_338_361_353_51,1788
390,34,390_344_168_374_156_157_176_177_189_190_211_202_235_246_34,1328
231,246,231_198_196_195_180_315_184_183_177_189_190_211_202_235_246,1156
52,222,52_360_0_366_351_248_30_236_376_231_198_196_195_181_222,1034
345,246,345_169_369_168_374_156_157_176_177_189_190_211_202_235_246,1283
55,391,55_132_134_52_360_0_366_351_248_30_236_376_231_198_196_195_180_315_185_179_418_251_164_174_159_167_166_391,1845
324,185,324_326_280_397_385_91_85_314_347_83_77_75_310_236_376_231_198_196_195_180_315_185,1385
395,24,395_7_340_27_72_409_365_362_358_380_377_42_47_355_19_24,592
198,392,198_196_195_180_315_185_179_418_251_164_174_159_167_166_392,1057
310,391,310_236_376_231_198_196_195_180_315_185_179_418_251_164_174_159_167_166_391,1286
324,4,324_326_280_397_385_91_85_314_347_83_77_75_310_237_233_234_200_208_145_146_148_227_151_152_154_4,2052
390,241,390_344_168_374_156_157_176_177_189_190_211_202_235_245_239_241,1500
367,162,367_400_287_200_208_145_146_148_227_151_152_153_155_163_258_162,1483
390,242,390_344_168_374_156_157_176_177_189_190_211_202_235_245_239_241_242,1596
413,240,413_250_410_411_184_183_177_189_190_211_202_235_245_239_240,1335
324,242,324_326_280_397_385_91_85_314_347_83_78_49_364_46_41_378_381_352_1_127_408_70_56_9_11_421_241_242,1380
324,4,324_326_280_397_385_91_85_314_347_83_77_75_310_237_233_234_200_208_145_146_148_227_151_152_154_4,2052
400,325,400_286_235_246_34_33_31_357_40_50_20_23_73_22_329_89_281_325,1181
345,240,345_169_369_168_374_156_157_176_177_189_190_211_202_235_245_239_240,1552
78,8,78_49_364_46_41_378_381_352_1_127_408_71_26_341_8,443
413,242,413_250_410_411_184_183_177_189_190_211_202_235_245_239_241_242,1396
75,4,75_310_237_233_234_200_208_145_146_148_227_151_152_154_4,1372
324,8,324_326_280_397_385_91_85_314_347_83_78_49_364_46_41_378_381_352_1_127_408_71_26_341_8,1119
300,392,300_198_196_195_180_315_185_179_418_251_164_174_159_167_166_392,1135
390,242,390_344_168_374_156_157_176_177_189_190_211_202_235_245_239_241_242,1596
238,392,238_400_287_200_208_145_146_148_227_151_152_153_155_164_174_159_167_166_392,1656
212,51,212_153_156_157_176_177_189_190_211_202_235_246_34_33_31_356_35_338_361_353_51,1659
395,196,395_7_340_27_72_409_366_351_248_30_236_376_231_198_196,945
345,325,345_169_369_168_374_156_157_176_177_189_190_211_202_235_246_34_33_31_357_40_50_20_23_73_22_329_89_281_325,2160
345,392,345_169_369_168_373_167_166_392,471
395,80,395_7_340_27_72_409_365_362_358_380_377_42_47_355_19_24_349_313_79_80,771
324,4,324_326_280_397_385_91_85_314_347_83_77_75_310_237_233_234_200_208_145_146_148_227_151_152_154_4,2052
324,152,324_326_280_397_385_91_85_314_347_83_77_75_310_237_233_234_200_208_145_146_148_227_151_152,1805
345,246,345_169_369_168_374_156_157_176_177_189_190_211_202_235_246,1283
390,240,390_344_168_374_156_157_176_177_189_190_211_202_235_245_239_240,1535
206,392,206_196_195_180_315_185_179_418_251_164_174_159_167_166_392,1057
367,392,367_400_287_200_208_145_146_148_227_151_152_153_155_164_174_159_167_166_392,1656
413,242,413_250_410_411_184_183_177_189_190_211_202_235_245_239_241_242,1396
324,240,324_326_280_397_385_91_85_314_347_83_78_49_364_46_41_378_381_352_1_127_408_70_56_9_11_421_240,1319
390,242,390_344_168_374_156_157_176_177_189_190_211_202_235_245_239_241_242,1596
55,179,55_132_134_52_360_0_366_351_248_30_236_376_231_198_196_195_180_315_185_179,1378
324,233,324_326_280_397_385_91_85_314_347_83_77_75_310_237_233,968
324,4,324_326_280_397_385_91_85_314_347_83_77_75_310_237_233_234_200_208_145_146_148_227_151_152_154_4,2052
324,4,324_326_280_397_385_91_85_314_347_83_77_75_310_237_233_234_200_208_145_146_148_227_151_152_154_4,2052
390,4,390_342_370_402_4,238
59,24,59_7_340_27_72_409_365_362_358_380_377_42_47_355_19_24,592
345,32,345_169_369_168_374_156_157_176_177_189_190_211_202_235_246_34_32,1450
324,233,324_326_280_397_385_91_85_314_347_83_77_75_310_237_233,968
414,242,414_252_334_157_176_177_189_190_211_202_235_245_239_241_242,1437
413,242,413_250_410_411_184_183_177_189_190_211_202_235_245_239_241_242,1396
390,325,390_344_168_374_156_157_176_177_189_190_211_202_235_246_34_33_31_357_40_50_20_23_73_22_329_89_281_325,2144
324,4,324_326_280_397_385_91_85_314_347_83_77_75_310_237_233_234_200_208_145_146_148_227_151_152_154_4,2052
300,392,300_198_196_195_180_315_185_179_418_251_164_174_159_167_166_392,1135
345,241,345_169_369_168_374_156_157_176_177_189_190_211_202_235_245_239_241,1516
324,4,324_326_280_397_385_91_85_314_347_83_77_75_310_237_233_234_200_208_145_146_148_227_151_152_154_4,2052
324,233,324_326_280_397_385_91_85_314_347_83_77_75_310_237_233,968
324,4,324_326_280_397_385_91_85_314_347_83_77_75_310_237_233_234_200_208_145_146_148_227_151_152_154_4,2052
324,4,324_326_280_397_385_91_85_314_347_83_77_75_310_237_233_234_200_208_145_146_148_227_151_152_154_4,2052
236,391,236_376_231_198_196_195_180_315_185_179_418_251_164_174_159_167_166_391,1206
345,242,345_169_369_168_374_156_157_176_177_189_190_211_202_235_245_239_241_242,1612
30,392,30_236_376_231_198_196_195_180_315_185_179_418_251_164_174_159_167_166_392,1360
395,24,395_7_340_27_72_409_365_362_358_380_377_42_47_355_19_24,592
390,241,390_344_168_374_156_157_176_177_189_190_211_202_235_245_239_241,1500
324,154,324_326_280_397_385_91_85_314_347_83_77_75_310_237_233_234_200_208_145_146_148_227_151_152_154,1970
395,325,395_7_340_27_72_409_365_362_358_380_377_42_47_355_20_23_73_22_329_89_281_325,936
400,392,400_287_200_208_145_146_148_227_151_152_153_155_164_174_159_167_166_392,1419
345,49,345_169_369_168_374_156_157_176_177_189_190_211_202_235_246_34_33_31_357_40_49,1649
324,4,324_326_280_397_385_91_85_314_347_83_77_75_310_237_233_234_200_208_145_146_148_227_151_152_154_4,2052
345,242,345_169_369_168_374_156_157_176_177_189_190_211_202_235_245_239_241_242,1612
345,242,345_169_369_168_374_156_157_176_177_189_190_211_202_235_245_239_241_242,1612
324,208,324_326_280_397_385_91_85_314_347_83_77_75_310_237_233_234_200_208,1249
385,13,385_91_85_314_347_83_78_49_364_46_43_38_36_249_13,944
345,241,345_169_369_168_374_156_157_176_177_189_190_211_202_235_245_239_241,1516
206,392,206_196_195_180_315_185_179_418_251_164_174_159_167_166_392,1057
156,51,156_157_176_177_189_190_211_202_235_246_34_33_31_356_35_338_361_353_51,1460
345,242,345_169_369_168_374_156_157_176_177_189_190_211_202_235_245_239_241_242,1612
238,391,238_400_287_200_208_145_146_148_227_151_152_153_155_164_174_159_167_166_391,1582
324,245,324_326_280_397_385_91_85_314_347_83_77_75_310_237_233_235_245,1221
345,51,345_169_369_168_374_156_157_176_177_189_190_211_202_235_246_34_33_31_356_35_338_361_353_51,1805
390,325,390_344_168_374_156_157_176_177_189_190_211_202_235_246_34_33_31_357_40_50_20_23_73_22_329_89_281_325,2144
345,242,345_169_369_168_374_156_157_176_177_189_190_211_202_235_245_239_241_242,1612
324,148,324_326_280_397_385_91_85_314_347_83_77_75_310_237_233_234_200_208_145_146_148,1557
19,392,19_24_348_347_83_77_75_310_236_376_231_198_196_195_180_315_185_179_418_251_164_174_159_167_166_392,1849
390,242,390_344_168_374_156_157_176_177_189_190_211_202_235_245_239_241_242,1596
360,183,360_0_366_351_248_30_236_376_231_198_196_195_180_315_184_183,1107
345,80,345_169_369_168_374_156_157_176_177_189_190_211_202_235_246_34_33_31_357_40_50_19_24_349_313_79_80,1995
345,242,345_169_369_168_374_156_157_176_177_189_190_211_202_235_245_239_241_242,1612
390,242,390_344_168_374_156_157_176_177_189_190_211_202_235_245_239_241_242,1596
395,267,395_7_340_27_72_409_365_362_358_380_377_42_47_355_19_24_349_313_79_81_117_301_382_276_267,1099
324,147,324_326_280_397_385_91_85_314_347_83_77_75_310_237_233_234_200_208_145_147,1426
390,242,390_344_168_374_156_157_176_177_189_190_211_202_235_245_239_241_242,1596
400,306,400_286_235_246_34_33_31_357_40_50_19_24_349_313_79_81_117_301_382_275_273_372_306,1318
395,325,395_7_340_27_72_409_365_362_358_380_377_42_47_355_20_23_73_22_329_89_281_325,936
324,197,324_326_280_397_385_91_85_314_347_83_77_75_310_236_376_231_198_197,1083
283,4,283_21_85_314_347_83_77_75_310_237_233_234_200_208_145_146_148_227_151_152_154_4,1881
48,4,48_45_43_37_39_75_310_237_233_234_200_208_145_146_148_227_151_152_154_4,1719
390,241,390_344_168_374_156_157_176_177_189_190_211_202_235_245_239_241,1500
231,392,231_198_196_195_180_315_185_179_418_251_164_174_159_167_166_392,1135
300,392,300_198_196_195_180_315_185_179_418_251_164_174_159_167_166_392,1135
347,4,347_83_77_75_310_237_233_234_200_208_145_146_148_227_151_152_154_4,1620
345,51,345_169_369_168_374_156_157_176_177_189_190_211_202_235_246_34_33_31_356_35_338_361_353_51,1805
132,392,132_134_52_360_0_366_351_248_30_236_376_231_198_196_195_180_315_185_179_418_251_164_174_159_167_166_392,1826
324,30,324_326_280_397_385_91_85_314_347_83_77_75_310_237_232_33_30,1111
345,233,345_169_369_168_374_156_157_176_177_189_190_211_202_235_246_34_33_30_237_233,1762
78,8,78_49_364_46_41_378_381_352_1_127_408_71_26_341_8,443
55,197,55_132_134_52_360_0_366_351_248_30_236_376_231_198_197,905
324,4,324_326_280_397_385_91_85_314_347_83_77_75_310_237_233_234_200_208_145_146_148_227_151_152_154_4,2052
369,242,369_168_374_156_157_176_177_189_190_211_202_235_245_239_241_242,1551
345,325,345_169_369_168_374_156_157_176_177_189_190_211_202_235_246_34_33_31_357_40_50_20_23_73_22_329_89_281_325,2160
413,242,413_250_410_411_184_183_177_189_190_211_202_235_245_239_241_242,1396
280,4,280_397_385_91_85_314_347_83_77_75_310_237_233_234_200_208_145_146_148_227_151_152_154_4,1978
345,4,345_169_370_402_4,227
390,33,390_344_168_374_156_157_176_177_189_190_211_202_235_246_34_33,1393
345,241,345_169_369_168_374_156_157_176_177_189_190_211_202_235_245_239_241,1516
33,391,33_30_236_376_231_198_196_195_180_315_185_179_418_251_164_174_159_167_166_391,1407
345,22,345_169_369_168_374_156_157_176_177_189_190_211_202_235_246_34_33_31_357_40_50_20_23_73_22,1977
367,325,367_400_286_235_246_34_33_31_357_40_50_20_23_73_22_329_89_281_325,1418
283,391,283_21_85_314_347_83_77_75_310_236_376_231_198_196_195_180_315_185_179_418_251_164_174_159_167_166_391,1852
390,31,390_344_168_374_156_157_176_177_189_190_211_202_235_246_34_33_31,1452
248,391,248_30_236_376_231_198_196_195_180_315_185_179_418_251_164_174_159_167_166_391,1407
324,4,324_326_280_397_385_91_85_314_347_83_77_75_310_237_233_234_200_208_145_146_148_227_151_152_154_4,2052
324,241,324_326_280_397_385_91_85_314_347_83_78_49_364_46_41_378_381_352_1_127_408_70_56_9_11_421_241,1283
395,281,395_7_340_27_72_409_365_362_358_380_377_42_47_355_20_23_73_22_329_89_281,923
400,267,400_286_235_246_34_33_31_357_40_50_19_24_349_313_79_81_117_301_382_276_267,1344
345,4,345_169_370_402_4,227
324,147,324_326_280_397_385_91_85_314_347_83_77_75_310_237_233_234_200_208_145_147,1426
395,80,395_7_340_27_72_409_365_362_358_380_377_42_47_355_19_24_349_313_79_80,771
48,222,48_45_43_37_39_75_310_236_376_231_198_196_195_181_222,1077
324,4,324_326_280_397_385_91_85_314_347_83_77_75_310_237_233_234_200_208_145_146_148_227_151_152_154_4,2052
367,325,367_400_286_235_246_34_33_31_357_40_50_20_23_73_22_329_89_281_325,1418
283,245,283_21_85_314_347_83_77_75_310_237_233_235_245,1050
340,306,340_27_72_409_365_362_358_380_377_42_47_355_19_24_349_313_79_81_117_301_382_275_273_372_306,988
324,240,324_326_280_397_385_91_85_314_347_83_78_49_364_46_41_378_381_352_1_127_408_70_56_9_11_421_240,1319
390,88,390_344_168_374_156_157_176_177_189_190_211_202_235_246_34_33_31_357_40_50_20_23_73_22_329_88,2070
324,376,324_326_280_397_385_91_85_314_347_83_77_75_310_236_376,906
366,392,366_351_248_30_236_376_231_198_196_195_180_315_185_179_418_251_164_174_159_167_166_392,1617
324,4,324_326_280_397_385_91_85_314_347_83_77_75_310_237_233_234_200_208_145_146_148_227_151_152_154_4,2052
30,392,30_236_376_231_198_196_195_180_315_185_179_418_251_164_174_159_167_166_392,1360
367,392,367_400_287_200_208_145_146_148_227_151_152_153_155_164_174_159_167_166_392,1656
324,222,324_326_280_397_385_91_85_314_347_83_77_75_310_236_376_231_198_196_195_181_222,1410
345,242,345_169_369_168_374_156_157_176_177_189_190_211_202_235_245_239_241_242,1612
400,281,400_286_235_246_34_33_31_357_40_50_20_23_73_22_329_89_281,1168
55,179,55_132_134_52_360_0_366_351_248_30_236_376_231_198_196_195_180_315_185_179,1378
345,245,345_169_369_168_374_156_157_176_177_189_190_211_202_235_245,1339
233,51,233_235_246_34_33_31_356_35_338_361_353_51,719
367,325,367_400_286_235_246_34_33_31_357_40_50_20_23_73_22_329_89_281_325,1418
390,242,390_344_168_374_156_157_176_177_189_190_211_202_235_245_239_241_242,1596
345,357,345_169_369_168_374_156_157_176_177_189_190_211_202_235_246_34_33_31_357,1531
324,145,324_326_280_397_385_91_85_314_347_83_77_75_310_237_233_234_200_208_145,1350
300,392,300_198_196_195_180_315_185_179_418_251_164_174_159_167_166_392,1135
93,8,93_78_49_364_46_41_378_381_352_1_127_408_71_26_341_8,561
324,392,324_326_280_397_385_91_85_314_347_83_77_75_310_236_376_231_198_196_195_180_315_185_179_418_251_164_174_159_167_166_392,2098
324,240,324_326_280_397_385_91_85_314_347_83_78_49_364_46_41_378_381_352_1_127_408_70_56_9_11_421_240,1319
52,391,52_360_0_366_351_248_30_236_376_231_198_196_195_180_315_185_179_418_251_164_174_159_167_166_391,1647
390,242,390_344_168_374_156_157_176_177_189_190_211_202_235_245_239_241_242,1596
30,392,30_236_376_231_198_196_195_180_315_185_179_418_251_164_174_159_167_166_392,1360
324,4,324_326_280_397_385_91_85_314_347_83_77_75_310_237_233_234_200_208_145_146_148_227_151_152_154_4,2052
345,242,345_169_369_168_374_156_157_176_177_189_190_211_202_235_245_239_241_242,1612
367,80,367_400_286_235_246_34_33_31_357_40_50_19_24_349_313_79_80,1253
390,242,390_344_168_374_156_157_176_177_189_190_211_202_235_245_239_241_242,1596
280,4,280_397_385_91_85_314_347_83_77_75_310_237_233_234_200_208_145_146_148_227_151_152_154_4,1978
395,324,395_7_340_27_72_409_365_362_358_380_377_42_47_355_20_23_73_22_329_89_281_324,1039
324,251,324_326_280_397_385_91_85_314_347_83_77_75_310_236_376_231_198_196_195_180_315_185_179_418_251,1732
324,222,324_326_280_397_385_91_85_314_347_83_77_75_310_236_376_231_198_196_195_181_222,1410
395,306,395_7_340_27_72_409_365_362_358_380_377_42_47_355_19_24_349_313_79_81_117_301_382_275_273_372_306,1073
132,179,132_134_52_360_0_366_351_248_30_236_376_231_198_196_195_180_315_185_179,1285
235,306,235_246_34_33_31_357_40_50_19_24_349_313_79_81_117_301_382_275_273_372_306,1087
83,4,83_77_75_310_237_233_234_200_208_145_146_148_227_151_152_154_4,1494
390,325,390_344_168_374_156_157_176_177_189_190_211_202_235_246_34_33_31_357_40_50_20_23_73_22_329_89_281_325,2144
300,392,300_198_196_195_180_315_185_179_418_251_164_174_159_167_166_392,1135
283,222,283_21_85_314_347_83_77_75_310_236_376_231_198_196_195_181_222,1239
324,4,324_326_280_397_385_91_85_314_347_83_77_75_310_237_233_234_200_208_145_146_148_227_151_152_154_4,2052
345,88,345_169_369_168_374_156_157_176_177_189_190_211_202_235_246_34_33_31_357_40_50_20_23_73_22_329_88,2086
324,147,324_326_280_397_385_91_85_314_347_83_77_75_310_237_233_234_200_208_145_147,1426
395,306,395_7_340_27_72_409_365_362_358_380_377_42_47_355_19_24_349_313_79_81_117_301_382_275_273_372_306,1073
390,242,390_344_168_374_156_157_176_177_189_190_211_202_235_245_239_241_242,1596
367,392,367_400_287_200_208_145_146_148_227_151_152_153_155_164_174_159_167_166_392,1656
345,242,345_169_369_168_374_156_157_176_177_189_190_211_202_235_245_239_241_242,1612
345,88,345_169_369_168_374_156_157_176_177_189_190_211_202_235_246_34_33_31_357_40_50_20_23_73_22_329_88,2086
345,325,345_169_369_168_374_156_157_176_177_189_190_211_202_235_246_34_33_31_357_40_50_20_23_73_22_329_89_281_325,2160
59,80,59_7_340_27_72_409_365_362_358_380_377_42_47_355_19_24_349_313_79_80,771
144,392,144_210_191_193_180_315_185_179_418_251_164_174_159_167_166_392,1100
52,391,52_360_0_366_351_248_30_236_376_231_198_196_195_180_315_185_179_418_251_164_174_159_167_166_391,1647
324,4,324_326_280_397_385_91_85_314_347_83_77_75_310_237_233_234_200_208_145_146_148_227_151_152_154_4,2052
400,325,400_286_235_246_34_33_31_357_40_50_20_23_73_22_329_89_281_325,1181
345,74,345_169_369_168_374_156_157_176_177_189_190_211_202_235_246_34_33_31_357_39_74,1731
390,240,390_344_168_374_156_157_176_177_189_190_211_202_235_245_239_240,1535
280,4,280_397_385_91_85_314_347_83_77_75_310_237_233_234_200_208_145_146_148_227_151_152_154_4,1978
300,392,300_198_196_195_180_315_185_179_418_251_164_174_159_167_166_392,1135
395,261,395_7_340_27_72_409_365_362_358_380_377_42_47_355_19_24_349_313_79_81_117_301_382_276_267_265_262_261,1236
324,235,324_326_280_397_385_91_85_314_347_83_77_75_310_237_233_235,1092
414,242,414_252_334_157_176_177_189_190_211_202_235_245_239_241_242,1437
390,240,390_344_168_374_156_157_176_177_189_190_211_202_235_245_239_240,1535
324,4,324_326_280_397_385_91_85_314_347_83_77_75_310_237_233_234_200_208_145_146_148_227_151_152_154_4,2052
390,240,390_344_168_374_156_157_176_177_189_190_211_202_235_245_239_240,1535
77,4,77_75_310_237_233_234_200_208_145_146_148_227_151_152_154_4,1435
390,242,390_344_168_374_156_157_176_177_189_190_211_202_235_245_239_241_242,1596
324,4,324_326_280_397_385_91_85_314_347_83_77_75_310_237_233_234_200_208_145_146_148_227_151_152_154_4,2052
324,8,324_326_280_397_385_91_85_314_347_83_78_49_364_46_41_378_381_352_1_127_408_71_26_341_8,1119
413,240,413_250_410_411_184_183_177_189_190_211_202_235_245_239_240,1335
345,240,345_169_369_168_374_156_157_176_177_189_190_211_202_235_245_239_240,1552
400,8,400_286_235_246_34_32_14_10_59_8,699
324,232,324_326_280_397_385_91_85_314_347_83_77_75_310_237_232,925
15,391,15_34_33_30_236_376_231_198_196_195_180_315_185_179_418_251_164_174_159_167_166_391,1534
345,330,345_169_369_168_374_156_157_176_177_189_190_211_202_235_246_34_33_31_356_35_338_361_353_51_330,1832
324,216,324_326_280_397_385_91_85_314_347_83_77_75_310_236_376_231_199_216,1149
367,392,367_400_287_200_208_145_146_148_227_151_152_153_155_164_174_159_167_166_392,1656
390,240,390_344_168_374_156_157_176_177_189_190_211_202_235_245_239_240,1535
390,242,390_344_168_374_156_157_176_177_189_190_211_202_235_245_239_241_242,1596
324,32,324_326_280_397_385_91_85_314_347_83_77_75_310_237_232_32,1031
78,8,78_49_364_46_41_378_381_352_1_127_408_71_26_341_8,443
393,392,393_95_376_231_198_196_195_180_315_185_179_418_251_164_174_159_167_166_392,1339
324,4,324_326_280_397_385_91_85_314_347_83_77_75_310_237_233_234_200_208_145_146_148_227_151_152_154_4,2052
324,145,324_326_280_397_385_91_85_314_347_83_77_75_310_237_233_234_200_208_145,1350
324,233,324_326_280_397_385_91_85_314_347_83_77_75_310_237_233,968
367,306,367_400_286_235_246_34_33_31_357_40_50_19_24_349_313_79_81_117_301_382_275_273_372_306,1555
390,240,390_344_168_374_156_157_176_177_189_190_211_202_235_245_239_240,1535
202,325,202_235_246_34_33_31_357_40_50_20_23_73_22_329_89_281_325,1074
345,240,345_169_369_168_374_156_157_176_177_189_190_211_202_235_245_239_240,1552
196,240,196_195_180_315_184_183_177_189_190_211_202_235_245_239_240,1232
400,392,400_287_200_208_145_146_148_227_151_152_153_155_164_174_159_167_166_392,1419
395,73,395_7_340_27_72_409_365_362_358_380_377_42_47_355_20_23_73,638
324,227,324_326_280_397_385_91_85_314_347_83_77_75_310_237_233_234_200_208_145_146_148_227,1645
331,4,331_52_360_0_366_351_248_30_237_233_234_200_208_145_146_148_227_151_152_154_4,1759
91,203,91_85_314_347_83_77_75_310_236_376_231_198_197_291_299_203,946
324,4,324_326_280_397_385_91_85_314_347_83_77_75_310_237_233_234_200_208_145_146_148_227_151_152_154_4,2052
390,240,390_344_168_374_156_157_176_177_189_190_211_202_235_245_239_240,1535
367,392,367_400_287_200_208_145_146_148_227_151_152_153_155_164_174_159_167_166_392,1656
219,240,219_288_213_294_195_180_315_184_183_177_189_190_211_202_235_245_239_240,1410
390,242,390_344_168_374_156_157_176_177_189_190_211_202_235_245_239_241_242,1596
390,281,390_344_168_374_156_157_176_177_189_190_211_202_235_246_34_33_31_357_40_50_20_23_73_22_329_89_281,2131
390,88,390_344_168_374_156_157_176_177_189_190_211_202_235_246_34_33_31_357_40_50_20_23_73_22_329_88,2070
324,391,324_326_280_397_385_91_85_314_347_83_77_75_310_236_376_231_198_196_195_180_315_185_179_418_251_164_174_159_167_166_391,2023
413,242,413_250_410_411_184_183_177_189_190_211_202_235_245_239_241_242,1396
248,392,248_30_236_376_231_198_196_195_180_315_185_179_418_251_164_174_159_167_166_392,1481
324,4,324_326_280_397_385_91_85_314_347_83_77_75_310_237_233_234_200_208_145_146_148_227_151_152_154_4,2052
206,392,206_196_195_180_315_185_179_418_251_164_174_159_167_166_392,1057
390,242,390_344_168_374_156_157_176_177_189_190_211_202_235_245_239_241_242,1596
324,399,324_326_280_397_385_91_85_314_347_83_78_49_364_46_43_38_36_249_13_16_238_399,1340
324,8,324_326_280_397_385_91_85_314_347_83_78_49_364_46_41_378_381_352_1_127_408_71_26_341_8,1119
345,239,345_169_369_168_374_156_157_176_177_189_190_211_202_235_245_239,1452
198,392,198_196_195_180_315_185_179_418_251_164_174_159_167_166_392,1057
324,240,324_326_280_397_385_91_85_314_347_83_78_49_364_46_41_378_381_352_1_127_408_70_56_9_11_421_240,1319
395,392,395_7_340_27_72_409_366_351_248_30_236_376_231_198_196_195_180_315_185_179_418_251_164_174_159_167_166_392,1888
52,185,52_360_0_366_351_248_30_236_376_231_198_196_195_180_315_185,1009
144,392,144_210_191_193_180_315_185_179_418_251_164_174_159_167_166_392,1100
300,392,300_198_196_195_180_315_185_179_418_251_164_174_159_167_166_392,1135
345,51,345_169_369_168_374_156_157_176_177_189_190_211_202_235_246_34_33_31_356_35_338_361_353_51,1805
324,240,324_326_280_397_385_91_85_314_347_83_78_49_364_46_41_378_381_352_1_127_408_70_56_9_11_421_240,1319
233,306,233_235_246_34_33_31_357_40_50_19_24_349_313_79_81_117_301_382_275_273_372_306,1212
390,241,390_344_168_374_156_157_176_177_189_190_211_202_235_245_239_241,1500
93,8,93_78_49_364_46_41_378_381_352_1_127_408_71_26_341_8,561
324,4,324_326_280_397_385_91_85_314_347_83_77_75_310_237_233_234_200_208_145_146_148_227_151_152_154_4,2052
345,51,345_169_369_168_374_156_157_176_177_189_190_211_202_235_246_34_33_31_356_35_338_361_353_51,1805
395,80,395_7_340_27_72_409_365_362_358_380_377_42_47_355_19_24_349_313_79_80,771
324,200,324_326_280_397_385_91_85_314_347_83_77_75_310_237_233_234_200,1121
367,391,367_400_287_200_208_145_146_148_227_151_152_153_155_164_174_159_167_166_391,1582
15,418,15_34_33_30_236_376_231_198_196_195_180_315_185_179_418,1162
246,391,246_34_33_30_236_376_231_198_196_195_180_315_185_179_418_251_164_174_159_167_166_391,1534
326,4,326_280_397_385_91_85_314_347_83_77_75_310_237_233_234_200_208_145_146_148_227_151_152_154_4,2007
395,306,395_7_340_27_72_409_365_362_358_380_377_42_47_355_19_24_349_313_79_81_117_301_382_275_273_372_306,1073
390,24,390_344_168_374_156_157_176_177_189_190_211_202_235_246_34_33_31_357_40_50_19_24,1800
324,200,324_326_280_397_385_91_85_314_347_83_77_75_310_237_233_234_200,1121
324,233,324_326_280_397_385_91_85_314_347_83_77_75_310_237_233,968
390,240,390_344_168_374_156_157_176_177_189_190_211_202_235_245_239_240,1535
324,226,324_326_280_397_385_91_85_314_347_83_77_75_310_236_376_231_198_196_195_180_315_184_182_226,1575
324,185,324_326_280_397_385_91_85_314_347_83_77_75_310_236_376_231_198_196_195_180_315_185,1385
324,146,324_326_280_397_385_91_85_314_347_83_77_75_310_237_233_234_200_208_145_146,1465
390,240,390_344_168_374_156_157_176_177_189_190_211_202_235_245_239_240,1535
395,306,395_7_340_27_72_409_365_362_358_380_377_42_47_355_19_24_349_313_79_81_117_301_382_275_273_372_306,1073
390,242,390_344_168_374_156_157_176_177_189_190_211_202_235_245_239_241_242,1596
288,392,288_213_294_195_180_315_185_179_418_251_164_174_159_167_166_392,1055
400,392,400_287_200_208_145_146_148_227_151_152_153_155_164_174_159_167_166_392,1419
30,392,30_236_376_231_198_196_195_180_315_185_179_418_251_164_174_159_167_166_392,1360
390,49,390_344_168_374_156_157_176_177_189_190_211_202_235_246_34_33_31_357_40_49,1633
390,242,390_344_168_374_156_157_176_177_189_190_211_202_235_245_239_241_242,1596
55,4,55_132_134_52_360_0_366_351_248_30_237_233_234_200_208_145_146_148_227_151_152_154_4,1874
246,325,246_34_33_31_357_40_50_20_23_73_22_329_89_281_325,877
287,392,287_200_208_145_146_148_227_151_152_153_155_164_174_159_167_166_392,1377
345,325,345_169_369_168_374_156_157_176_177_189_190_211_202_235_246_34_33_31_357_40_50_20_23_73_22_329_89_281_325,2160
390,51,390_344_168_374_156_157_176_177_189_190_211_202_235_246_34_33_31_356_35_338_361_353_51,1788
400,392,400_287_200_208_145_146_148_227_151_152_153_155_164_174_159_167_166_392,1419
15,176,15_34_33_30_236_376_231_198_196_195_180_315_185_179_416_422_335_176,1477
324,8,324_326_280_397_385_91_85_314_347_83_78_49_364_46_41_378_381_352_1_127_408_71_26_341_8,1119
345,242,345_169_369_168_374_156_157_176_177_189_190_211_202_235_245_239_241_242,1612
345,51,345_169_369_168_374_156_157_176_177_189_190_211_202_235_246_34_33_31_356_35_338_361_353_51,1805
283,222,283_21_85_314_347_83_77_75_310_236_376_231_198_196_195_181_222,1239
345,23,345_169_369_168_374_156_157_176_177_189_190_211_202_235_246_34_33_31_357_40_50_20_23,1789
324,4,324_326_280_397_385_91_85_314_347_83_77_75_310_237_233_234_200_208_145_146_148_227_151_152_154_4,2052
390,242,390_344_168_374_156_157_176_177_189_190_211_202_235_245_239_241_242,1596
283,148,283_21_85_314_347_83_77_75_310_237_233_234_200_208_145_146_148,1385
324,4,324_326_280_397_385_91_85_314_347_83_77_75_310_237_233_234_200_208_145_146_148_227_151_152_154_4,2052
55,222,55_132_134_52_360_0_366_351_248_30_236_376_231_198_196_195_181_222,1232
96,392,96_336_231_198_196_195_180_315_185_179_418_251_164_174_159_167_166_392,1255
345,242,345_169_369_168_374_156_157_176_177_189_190_211_202_235_245_239_241_242,1612
367,325,367_400_286_235_246_34_33_31_357_40_50_20_23_73_22_329_89_281_325,1418
324,32,324_326_280_397_385_91_85_314_347_83_77_75_310_237_232_32,1031
395,324,395_7_340_27_72_409_365_362_358_380_377_42_47_355_20_23_73_22_329_89_281_324,1039
237,258,237_233_234_200_208_145_146_148_227_151_152_153_155_163_258,1402
55,179,55_132_134_52_360_0_366_351_248_30_236_376_231_198_196_195_180_315_185_179,1378
324,179,324_326_280_397_385_91_85_314_347_83_77_75_310_236_376_231_198_196_195_180_315_185_179,1557
345,51,345_169_369_168_374_156_157_176_177_189_190_211_202_235_246_34_33_31_356_35_338_361_353_51,1805
390,13,390_344_168_374_156_157_176_177_189_190_211_202_235_246_34_32_13,1497
400,79,400_286_235_246_34_33_31_357_40_50_19_24_349_313_79,932
324,187,324_326_280_397_385_91_85_314_347_83_77_75_310_236_376_231_198_196_195_180_316_187,1470
324,4,324_326_280_397_385_91_85_314_347_83_77_75_310_237_233_234_200_208_145_146_148_227_151_152_154_4,2052
324,227,324_326_280_397_385_91_85_314_347_83_77_75_310_237_233_234_200_208_145_146_148_227,1645
395,21,395_7_340_27_72_409_365_362_358_380_377_42_47_355_20_23_73_21,752
345,325,345_169_369_168_374_156_157_176_177_189_190_211_202_235_246_34_33_31_357_40_50_20_23_73_22_329_89_281_325,2160
55,392,55_132_134_52_360_0_366_351_248_30_236_376_231_198_196_195_180_315_185_179_418_251_164_174_159_167_166_392,1920
324,185,324_326_280_397_385_91_85_314_347_83_77_75_310_236_376_231_198_196_195_180_315_185,1385
331,179,331_52_360_0_366_351_248_30_236_376_231_198_196_195_180_315_185_179,1263
144,392,144_210_191_193_180_315_185_179_418_251_164_174_159_167_166_392,1100
367,392,367_400_287_200_208_145_146_148_227_151_152_153_155_164_174_159_167_166_392,1656
390,242,390_344_168_374_156_157_176_177_189_190_211_202_235_245_239_241_242,1596
395,306,395_7_340_27_72_409_365_362_358_380_377_42_47_355_19_24_349_313_79_81_117_301_382_275_273_372_306,1073
345,242,345_169_369_168_374_156_157_176_177_189_190_211_202_235_245_239_241_242,1612
55,392,55_132_134_52_360_0_366_351_248_30_236_376_231_198_196_195_180_315_185_179_418_251_164_174_159_167_166_392,1920
324,392,324_326_280_397_385_91_85_314_347_83_77_75_310_236_376_231_198_196_195_180_315_185_179_418_251_164_174_159_167_166_392,2098
324,240,324_326_280_397_385_91_85_314_347_83_78_49_364_46_41_378_381_352_1_127_408_70_56_9_11_421_240,1319
198,242,198_196_195_180_315_184_183_177_189_190_211_202_235_245_239_241_242,1408
324,315,324_326_280_397_385_91_85_314_347_83_77_75_310_236_376_231_198_196_195_180_315,1328
395,73,395_7_340_27_72_409_365_362_358_380_377_42_47_355_20_23_73,638
395,325,395_7_340_27_72_409_365_362_358_380_377_42_47_355_20_23_73_22_329_89_281_325,936
345,240,345_169_369_168_374_156_157_176_177_189_190_211_202_235_245_239_240,1552
345,32,345_169_369_168_374_156_157_176_177_189_190_211_202_235_246_34_32,1450
324,4,324_326_280_397_385_91_85_314_347_83_77_75_310_237_233_234_200_208_145_146_148_227_151_152_154_4,2052
324,334,324_326_280_397_385_91_85_314_347_83_77_75_310_236_376_231_198_196_195_180_315_185_179_418_252_334,1821
345,82,345_169_369_168_374_156_157_176_177_189_190_211_202_235_246_34_33_31_357_40_50_19_24_348_347_82,1996
345,23,345_169_369_168_374_156_157_176_177_189_190_211_202_235_246_34_33_31_357_40_50_20_23,1789
340,80,340_27_72_409_365_362_358_380_377_42_47_355_19_24_349_313_79_80,686
324,4,324_326_280_397_385_91_85_314_347_83_77_75_310_237_233_234_200_208_145_146_148_227_151_152_154_4,2052
206,392,206_196_195_180_315_185_179_418_251_164_174_159_167_166_392,1057
288,392,288_213_294_195_180_315_185_179_418_251_164_174_159_167_166_392,1055
48,392,48_45_43_37_39_75_310_236_376_231_198_196_195_180_315_185_179_418_251_164_174_159_167_166_392,1765
219,391,219_288_213_294_195_180_315_185_179_418_251_164_174_159_167_166_391,1046
390,242,390_344_168_374_156_157_176_177_189_190_211_202_235_245_239_241_242,1596
390,89,390_344_168_374_156_157_176_177_189_190_211_202_235_246_34_33_31_357_40_50_20_23_73_22_329_89,2086
324,376,324_326_280_397_385_91_85_314_347_83_77_75_310_236_376,906
324,233,324_326_280_397_385_91_85_314_347_83_77_75_310_237_233,968
385,4,385_91_85_314_347_83_77_75_310_237_233_234_200_208_145_146_148_227_151_152_154_4,1920
345,295,345_169_369_168_374_155_163_258_162_415_413_250_410_412_186_223_213_295,1218
324,392,324_326_280_397_385_91_85_314_347_83_77_75_310_236_376_231_198_196_195_180_315_185_179_418_251_164_174_159_167_166_392,2098
367,162,367_400_287_200_208_145_146_148_227_151_152_153_155_163_258_162,1483
324,233,324_326_280_397_385_91_85_314_347_83_77_75_310_237_233,968
400,306,400_286_235_246_34_33_31_357_40_50_19_24_349_313_79_81_117_301_382_275_273_372_306,1318
326,4,326_280_397_385_91_85_314_347_83_77_75_310_237_233_234_200_208_145_146_148_227_151_152_154_4,2007
400,325,400_286_235_246_34_33_31_357_40_50_20_23_73_22_329_89_281_325,1181
345,241,345_169_369_168_374_156_157_176_177_189_190_211_202_235_245_239_241,1516
400,117,400_286_235_246_34_33_31_357_40_50_19_24_349_313_79_81_117,1085
340,325,340_27_72_409_365_362_358_380_377_42_47_355_20_23_73_22_329_89_281_325,851
324,4,324_326_280_397_385_91_85_314_347_83_77_75_310_237_233_234_200_208_145_146_148_227_151_152_154_4,2052
345,325,345_169_369_168_374_156_157_176_177_189_190_211_202_235_246_34_33_31_357_40_50_20_23_73_22_329_89_281_325,2160
206,392,206_196_195_180_315_185_179_418_251_164_174_159_167_166_392,1057
324,4,324_326_280_397_385_91_85_314_347_83_77_75_310_237_233_234_200_208_145_146_148_227_151_152_154_4,2052
404,198,404_55_132_134_52_360_0_366_351_248_30_236_376_231_198,873
390,242,390_344_168_374_156_157_176_177_189_190_211_202_235_245_239_241_242,1596
390,240,390_344_168_374_156_157_176_177_189_190_211_202_235_245_239_240,1535
390,376,390_344_168_374_156_157_176_177_189_190_211_202_235_246_34_33_30_236_376,1683
367,392,367_400_287_200_208_145_146_148_227_151_152_153_155_164_174_159_167_166_392,1656
390,242,390_344_168_374_156_157_176_177_189_190_211_202_235_245_239_241_242,1596
331,278,331_52_360_0_365_362_358_380_377_42_47_355_19_24_349_313_79_80_118_124_116_278,885
390,240,390_344_168_374_156_157_176_177_189_190_211_202_235_245_239_240,1535
345,295,345_169_369_168_374_155_163_258_162_415_413_250_410_412_186_223_213_295,1218
324,176,324_326_280_397_385_91_85_314_347_83_77_75_310_236_376_231_198_196_195_180_315_185_179_416_422_335_176,1966
91,207,91_85_314_347_83_77_75_310_236_376_231_199_216_207,868
324,198,324_326_280_397_385_91_85_314_347_83_77_75_310_236_376_231_198,1040
324,147,324_326_280_397_385_91_85_314_347_83_77_75_310_237_233_234_200_208_145_147,1426
345,325,345_169_369_168_374_156_157_176_177_189_190_211_202_235_246_34_33_31_357_40_50_20_23_73_22_329_89_281_325,2160
324,4,324_326_280_397_385_91_85_314_347_83_77_75_310_237_233_234_200_208_145_146_148_227_151_152_154_4,2052
15,325,15_34_33_31_357_40_50_20_23_73_22_329_89_281_325,877
324,234,324_326_280_397_385_91_85_314_347_83_77_75_310_237_233_234,1083
345,392,345_169_369_168_373_167_166_392,471
345,240,345_169_369_168_374_156_157_176_177_189_190_211_202_235_245_239_240,1552
324,240,324_326_280_397_385_91_85_314_347_83_78_49_364_46_41_378_381_352_1_127_408_70_56_9_11_421_240,1319
390,240,390_344_168_374_156_157_176_177_189_190_211_202_235_245_239_240,1535
390,240,390_344_168_374_156_157_176_177_189_190_211_202_235_245_239_240,1535
52,297,52_360_0_366_351_248_30_236_376_231_198_196_195_181_223_214_297,1109
390,240,390_344_168_374_156_157_176_177_189_190_211_202_235_245_239_240,1535
395,222,395_7_340_27_72_409_366_351_248_30_236_376_231_198_196_195_181_222,1200
283,392,283_21_85_314_347_83_77_75_310_236_376_231_198_196_195_180_315_185_179_418_251_164_174_159_167_166_392,1926
202,325,202_235_246_34_33_31_357_40_50_20_23_73_22_329_89_281_325,1074
345,325,345_169_369_168_374_156_157_176_177_189_190_211_202_235_246_34_33_31_357_40_50_20_23_73_22_329_89_281_325,2160
395,81,395_7_340_27_72_409_365_362_358_380_377_42_47_355_19_24_349_313_79_81,787
283,392,283_21_85_314_347_83_77_75_310_236_376_231_198_196_195_180_315_185_179_418_251_164_174_159_167_166_392,1926
345,325,345_169_369_168_374_156_157_176_177_189_190_211_202_235_246_34_33_31_357_40_50_20_23_73_22_329_89_281_325,2160
345,88,345_169_369_168_374_156_157_176_177_189_190_211_202_235_246_34_33_31_357_40_50_20_23_73_22_329_88,2086
331,260,331_52_360_0_365_362_358_380_377_42_47_355_19_24_349_313_79_81_117_301_382_276_267_265_262_261_260,1253
248,392,248_30_236_376_231_198_196_195_180_315_185_179_418_251_164_174_159_167_166_392,1481
375,325,375_232_33_31_357_40_50_20_23_73_22_329_89_281_325,937
390,242,390_344_168_374_156_157_176_177_189_190_211_202_235_245_239_241_242,1596
395,267,395_7_340_27_72_409_365_362_358_380_377_42_47_355_19_24_349_313_79_81_117_301_382_276_267,1099
345,261,345_169_369_168_374_156_157_176_177_189_190_211_202_235_246_34_33_31_357_40_50_19_24_349_313_79_81_117_301_382_276_267_265_262_261,2460
340,306,340_27_72_409_365_362_358_380_377_42_47_355_19_24_349_313_79_81_117_301_382_275_273_372_306,988
390,241,390_344_168_374_156_157_176_177_189_190_211_202_235_245_239_241,1500
323,392,323_28_143_65_27_72_409_366_351_248_30_236_376_231_198_196_195_180_315_185_179_418_251_164_174_159_167_166_392,2001
390,325,390_344_168_374_156_157_176_177_189_190_211_202_235_246_34_33_31_357_40_50_20_23_73_22_329_89_281_325,2144
390,241,390_344_168_374_156_157_176_177_189_190_211_202_235_245_239_241,1500
345,242,345_169_369_168_374_156_157_176_177_189_190_211_202_235_245_239_241_242,1612
345,51,345_169_369_168_374_156_157_176_177_189_190_211_202_235_246_34_33_31_356_35_338_361_353_51,1805
324,233,324_326_280_397_385_91_85_314_347_83_77_75_310_237_233,968
395,4,395_6_67_394_2_243_17_12_16_238_400_287_200_208_145_146_148_227_151_152_154_4,1806
390,242,390_344_168_374_156_157_176_177_189_190_211_202_235_245_239_241_242,1596
324,208,324_326_280_397_385_91_85_314_347_83_77_75_310_237_233_234_200_208,1249
15,154,15_34_33_30_237_233_234_200_208_145_146_148_227_151_152_154,1481
395,306,395_7_340_27_72_409_365_362_358_380_377_42_47_355_19_24_349_313_79_81_117_301_382_275_273_372_306,1073
390,240,390_344_168_374_156_157_176_177_189_190_211_202_235_245_239_240,1535
345,242,345_169_369_168_374_156_157_176_177_189_190_211_202_235_245_239_241_242,1612
390,242,390_344_168_374_156_157_176_177_189_190_211_202_235_245_239_241_242,1596
324,306,324_326_280_397_384_389_382_275_273_372_306,315
395,80,395_7_340_27_72_409_365_362_358_380_377_42_47_355_19_24_349_313_79_80,771
367,392,367_400_287_200_208_145_146_148_227_151_152_153_155_164_174_159_167_166_392,1656
390,51,390_344_168_374_156_157_176_177_189_190_211_202_235_246_34_33_31_356_35_338_361_353_51,1788
390,242,390_344_168_374_156_157_176_177_189_190_211_202_235_245_239_241_242,1596
367,325,367_400_286_235_246_34_33_31_357_40_50_20_23_73_22_329_89_281_325,1418
413,242,413_250_410_411_184_183_177_189_190_211_202_235_245_239_241_242,1396
390,242,390_344_168_374_156_157_176_177_189_190_211_202_235_245_239_241_242,1596
169,240,169_369_168_374_156_157_176_177_189_190_211_202_235_245_239_240,1534
324,233,324_326_280_397_385_91_85_314_347_83_77_75_310_237_233,968
395,382,395_7_340_27_72_409_365_362_358_380_377_42_47_355_19_24_349_313_79_81_117_301_382,941
324,4,324_326_280_397_385_91_85_314_347_83_77_75_310_237_233_234_200_208_145_146_148_227_151_152_154_4,2052
393,392,393_95_376_231_198_196_195_180_315_185_179_418_251_164_174_159_167_166_392,1339
390,240,390_344_168_374_156_157_176_177_189_190_211_202_235_245_239_240,1535
347,281,347_82_25_23_73_22_329_89_281,547
390,242,390_344_168_374_156_157_176_177_189_190_211_202_235_245_239_241_242,1596
144,392,144_210_191_193_180_315_185_179_418_251_164_174_159_167_166_392,1100
345,51,345_169_369_168_374_156_157_176_177_189_190_211_202_235_246_34_33_31_356_35_338_361_353_51,1805
345,325,345_169_369_168_374_156_157_176_177_189_190_211_202_235_246_34_33_31_357_40_50_20_23_73_22_329_89_281_325,2160
206,32,206_196_195_180_315_184_183_177_189_190_211_202_235_246_34_32,1246
324,240,324_326_280_397_385_91_85_314_347_83_78_49_364_46_41_378_381_352_1_127_408_70_56_9_11_421_240,1319
345,242,345_169_369_168_374_156_157_176_177_189_190_211_202_235_245_239_241_242,1612
324,4,324_326_280_397_385_91_85_314_347_83_77_75_310_237_233_234_200_208_145_146_148_227_151_152_154_4,2052
390,240,390_344_168_374_156_157_176_177_189_190_211_202_235_245_239_240,1535
400,391,400_287_200_208_145_146_148_227_151_152_153_155_164_174_159_167_166_391,1344
324,415,324_326_280_397_385_91_85_314_347_83_77_75_310_236_376_231_198_196_195_180_315_185_179_418_251_163_258_162_415,2020
390,8,390_344_168_374_156_157_176_177_189_190_211_202_235_246_34_32_14_10_59_8,1662
324,4,324_326_280_397_385_91_85_314_347_83_77_75_310_237_233_234_200_208_145_146_148_227_151_152_154_4,2052
85,4,85_314_347_83_77_75_310_237_233_234_200_208_145_146_148_227_151_152_154_4,1715
390,240,390_344_168_374_156_157_176_177_189_190_211_202_235_245_239_240,1535
198,392,198_196_195_180_315_185_179_418_251_164_174_159_167_166_392,1057
324,222,324_326_280_397_385_91_85_314_347_83_77_75_310_236_376_231_198_196_195_181_222,1410
347,4,347_83_77_75_310_237_233_234_200_208_145_146_148_227_151_152_154_4,1620
144,325,144_211_202_235_246_34_33_31_357_40_50_20_23_73_22_329_89_281_325,1340
324,4,324_326_280_397_385_91_85_314_347_83_77_75_310_237_233_234_200_208_145_146_148_227_151_152_154_4,2052
57,392,57_27_72_409_366_351_248_30_236_376_231_198_196_195_180_315_185_179_418_251_164_174_159_167_166_392,1803
283,392,283_21_85_314_347_83_77_75_310_236_376_231_198_196_195_180_315_185_179_418_251_164_174_159_167_166_392,1926
345,242,345_169_369_168_374_156_157_176_177_189_190_211_202_235_245_239_241_242,1612
390,240,390_344_168_374_156_157_176_177_189_190_211_202_235_245_239_240,1535
324,392,324_326_280_397_385_91_85_314_347_83_77_75_310_236_376_231_198_196_195_180_315_185_179_418_251_164_174_159_167_166_392,2098
206,392,206_196_195_180_315_185_179_418_251_164_174_159_167_166_392,1057
40,8,40_49_364_46_41_378_381_352_1_127_408_71_26_341_8,443
55,179,55_132_134_52_360_0_366_351_248_30_236_376_231_198_196_195_180_315_185_179,1378
390,241,390_344_168_374_156_157_176_177_189_190_211_202_235_245_239_241,1500
55,185,55_132_134_52_360_0_366_351_248_30_236_376_231_198_196_195_180_315_185,1207
393,392,393_95_376_231_198_196_195_180_315_185_179_418_251_164_174_159_167_166_392,1339
390,241,390_344_168_374_156_157_176_177_189_190_211_202_235_245_239_241,1500
283,179,283_21_85_314_347_83_77_75_310_236_376_231_198_196_195_180_315_185_179,1385
324,200,324_326_280_397_385_91_85_314_347_83_77_75_310_237_233_234_200,1121
390,31,390_344_168_374_156_157_176_177_189_190_211_202_235_246_34_33_31,1452
324,32,324_326_280_397_385_91_85_314_347_83_77_75_310_237_232_32,1031
236,257,236_376_231_198_196_195_180_315_185_179_418_251_164_173_257,1095
238,391,238_400_287_200_208_145_146_148_227_151_152_153_155_164_174_159_167_166_391,1582
324,185,324_326_280_397_385_91_85_314_347_83_77_75_310_236_376_231_198_196_195_180_315_185,1385
390,241,390_344_168_374_156_157_176_177_189_190_211_202_235_245_239_241,1500
345,242,345_169_369_168_374_156_157_176_177_189_190_211_202_235_245_239_241_242,1612
30,392,30_236_376_231_198_196_195_180_315_185_179_418_251_164_174_159_167_166_392,1360
324,376,324_326_280_397_385_91_85_314_347_83_77_75_310_236_376,906
390,242,390_344_168_374_156_157_176_177_189_190_211_202_235_245_239_241_242,1596
48,334,48_45_43_37_39_75_310_236_376_231_198_196_195_180_315_185_179_418_252_334,1488
324,181,324_326_280_397_385_91_85_314_347_83_77_75_310_236_376_231_198_196_195_181,1318
246,325,246_34_33_31_357_40_50_20_23_73_22_329_89_281_325,877
390,51,390_344_168_374_156_157_176_177_189_190_211_202_235_246_34_33_31_356_35_338_361_353_51,1788
324,208,324_326_280_397_385_91_85_314_347_83_77_75_310_237_233_234_200_208,1249
324,4,324_326_280_397_385_91_85_314_347_83_77_75_310_237_233_234_200_208_145_146_148_227_151_152_154_4,2052
55,4,55_132_134_52_360_0_366_351_248_30_237_233_234_200_208_145_146_148_227_151_152_154_4,1874
324,392,324_326_280_397_385_91_85_314_347_83_77_75_310_236_376_231_198_196_195_180_315_185_179_418_251_164_174_159_167_166_392,2098
345,23,345_169_369_168_374_156_157_176_177_189_190_211_202_235_246_34_33_31_357_40_50_20_23,1789
404,392,404_55_132_134_52_360_0_366_351_248_30_236_376_231_198_196_195_180_315_185_179_418_251_164_174_159_167_166_392,1931
345,236,345_169_369_168_374_156_157_176_177_189_190_211_202_235_246_34_33_30_236,1610
390,32,390_344_168_374_156_157_176_177_189_190_211_202_235_246_34_32,1434
324,242,324_326_280_397_385_91_85_314_347_83_78_49_364_46_41_378_381_352_1_127_408_70_56_9_11_421_241_242,1380
390,242,390_344_168_374_156_157_176_177_189_190_211_202_235_245_239_241_242,1596
55,196,55_132_134_52_360_0_366_351_248_30_236_376_231_198_196,977
390,281,390_344_168_374_156_157_176_177_189_190_211_202_235_246_34_33_31_357_40_50_20_23_73_22_329_89_281,2131
324,148,324_326_280_397_385_91_85_314_347_83_77_75_310_237_233_234_200_208_145_146_148,1557
324,185,324_326_280_397_385_91_85_314_347_83_77_75_310_236_376_231_198_196_195_180_315_185,1385
395,325,395_7_340_27_72_409_365_362_358_380_377_42_47_355_20_23_73_22_329_89_281_325,936
324,233,324_326_280_397_385_91_85_314_347_83_77_75_310_237_233,968
55,174,55_132_134_52_360_0_366_351_248_30_236_376_231_198_196_195_180_315_185_179_418_251_164_174,1671
345,51,345_169_369_168_374_156_157_176_177_189_190_211_202_235_246_34_33_31_356_35_338_361_353_51,1805
390,241,390_344_168_374_156_157_176_177_189_190_211_202_235_245_239_241,1500
149,80,149_176_177_189_190_211_202_235_246_34_33_31_357_40_50_19_24_349_313_79_80,1563
345,242,345_169_369_168_374_156_157_176_177_189_190_211_202_235_245_239_241_242,1612
345,325,345_169_369_168_374_156_157_176_177_189_190_211_202_235_246_34_33_31_357_40_50_20_23_73_22_329_89_281_325,2160
93,8,93_78_49_364_46_41_378_381_352_1_127_408_71_26_341_8,561
324,180,324_326_280_397_385_91_85_314_347_83_77_75_310_236_376_231_198_196_195_180,1267
367,80,367_400_286_235_246_34_33_31_357_40_50_19_24_349_313_79_80,1253
236,392,236_376_231_198_196_195_180_315_185_179_418_251_164_174_159_167_166_392,1281
324,148,324_326_280_397_385_91_85_314_347_83_77_75_310_237_233_234_200_208_145_146_148,1557
324,200,324_326_280_397_385_91_85_314_347_83_77_75_310_237_233_234_200,1121
369,240,369_168_374_156_157_176_177_189_190_211_202_235_245_239_240,1490
236,392,236_376_231_198_196_195_180_315_185_179_418_251_164_174_159_167_166_392,1281
208,392,208_145_146_148_227_151_152_153_155_164_174_159_167_166_392,1211
345,203,345_169_369_168_374_155_163_258_162_415_413_250_410_412_186_223_214_297_203,1315
15,260,15_34_33_31_357_40_50_19_24_349_313_79_81_117_301_382_276_267_265_262_261_260,1278
324,148,324_326_280_397_385_91_85_314_347_83_77_75_310_237_233_234_200_208_145_146_148,1557
390,203,390_344_168_374_155_163_258_162_415_413_250_410_412_186_223_214_297_203,1299
324,147,324_326_280_397_385_91_85_314_347_83_77_75_310_237_233_234_200_208_145_147,1426
324,233,324_326_280_397_385_91_85_314_347_83_77_75_310_237_233,968
345,376,345_169_369_168_374_156_157_176_177_189_190_211_202_235_246_34_33_30_236_376,1700
390,242,390_344_168_374_156_157_176_177_189_190_211_202_235_245_239_241_242,1596
390,34,390_344_168_374_156_157_176_177_189_190_211_202_235_246_34,1328
15,417,15_34_33_30_236_376_231_198_196_195_180_315_185_179_417,1180
246,325,246_34_33_31_357_40_50_20_23_73_22_329_89_281_325,877
390,241,390_344_168_374_156_157_176_177_189_190_211_202_235_245_239_241,1500
326,4,326_280_397_385_91_85_314_347_83_77_75_310_237_233_234_200_208_145_146_148_227_151_152_154_4,2007
331,253,331_52_360_0_366_351_248_30_236_376_231_198_196_195_180_315_185_179_418_251_164_173_257_253,1687
390,50,390_344_168_374_156_157_176_177_189_190_211_202_235_246_34_33_31_357_40_50,1667
206,392,206_196_195_180_315_185_179_418_251_164_174_159_167_166_392,1057
367,71,367_400_286_235_246_34_33_31_356_35_338_361_352_1_127_408_71,1026
93,8,93_78_49_364_46_41_378_381_352_1_127_408_71_26_341_8,561
324,235,324_326_280_397_385_91_85_314_347_83_77_75_310_237_233_235,1092
395,325,395_7_340_27_72_409_365_362_358_380_377_42_47_355_20_23_73_22_329_89_281_325,936
324,392,324_326_280_397_385_91_85_314_347_83_77_75_310_236_376_231_198_196_195_180_315_185_179_418_251_164_174_159_167_166_392,2098
324,154,324_326_280_397_385_91_85_314_347_83_77_75_310_237_233_234_200_208_145_146_148_227_151_152_154,1970
390,240,390_344_168_374_156_157_176_177_189_190_211_202_235_245_239_240,1535
345,325,345_169_369_168_374_156_157_176_177_189_190_211_202_235_246_34_33_31_357_40_50_20_23_73_22_329_89_281_325,2160
219,392,219_288_213_294_195_180_315_185_179_418_251_164_174_159_167_166_392,1120
345,325,345_169_369_168_374_156_157_176_177_189_190_211_202_235_246_34_33_31_357_40_50_20_23_73_22_329_89_281_325,2160
367,392,367_400_287_200_208_145_146_148_227_151_152_153_155_164_174_159_167_166_392,1656
324,148,324_326_280_397_385_91_85_314_347_83_77_75_310_237_233_234_200_208_145_146_148,1557
324,39,324_326_280_397_385_91_85_314_347_83_77_75_309_357_39,982
367,325,367_400_286_235_246_34_33_31_357_40_50_20_23_73_22_329_89_281_325,1418
345,242,345_169_369_168_374_156_157_176_177_189_190_211_202_235_245_239_241_242,1612
324,376,324_326_280_397_385_91_85_314_347_83_77_75_310_236_376,906
93,8,93_78_49_364_46_41_378_381_352_1_127_408_71_26_341_8,561
345,51,345_169_369_168_374_156_157_176_177_189_190_211_202_235_246_34_33_31_356_35_338_361_353_51,1805
385,4,385_91_85_314_347_83_77_75_310_237_233_234_200_208_145_146_148_227_151_152_154_4,1920
324,399,324_326_280_397_385_91_85_314_347_83_78_49_364_46_43_38_36_249_13_16_238_399,1340
345,242,345_169_369_168_374_156_157_176_177_189_190_211_202_235_245_239_241_242,1612
324,391,324_326_280_397_385_91_85_314_347_83_77_75_310_236_376_231_198_196_195_180_315_185_179_418_251_164_174_159_167_166_391,2023
390,34,390_344_168_374_156_157_176_177_189_190_211_202_235_246_34,1328
345,242,345_169_369_168_374_156_157_176_177_189_190_211_202_235_245_239_241_242,1612
283,8,283_21_85_314_347_83_78_49_364_46_41_378_381_352_1_127_408_71_26_341_8,948
324,4,324_326_280_397_385_91_85_314_347_83_77_75_310_237_233_234_200_208_145_146_148_227_151_152_154_4,2052
144,392,144_210_191_193_180_315_185_179_418_251_164_174_159_167_166_392,1100
308,8,308_386_397_385_91_85_314_347_83_78_49_364_46_41_378_381_352_1_127_408_71_26_341_8,1058
390,240,390_344_168_374_156_157_176_177_189_190_211_202_235_245_239_240,1535
36,392,36_248_30_236_376_231_198_196_195_180_315_185_179_418_251_164_174_159_167_166_392,1588
324,227,324_326_280_397_385_91_85_314_347_83_77_75_310_237_233_234_200_208_145_146_148_227,1645
324,4,324_326_280_397_385_91_85_314_347_83_77_75_310_237_233_234_200_208_145_146_148_227_151_152_154_4,2052
198,392,198_196_195_180_315_185_179_418_251_164_174_159_167_166_392,1057
367,325,367_400_286_235_246_34_33_31_357_40_50_20_23_73_22_329_89_281_325,1418
55,185,55_132_134_52_360_0_366_351_248_30_236_376_231_198_196_195_180_315_185,1207
324,179,324_326_280_397_385_91_85_314_347_83_77_75_310_236_376_231_198_196_195_180_315_185_179,1557
324,4,324_326_280_397_385_91_85_314_347_83_77_75_310_237_233_234_200_208_145_146_148_227_151_152_154_4,2052
331,4,331_52_360_0_366_351_248_30_237_233_234_200_208_145_146_148_227_151_152_154_4,1759
283,392,283_21_85_314_347_83_77_75_310_236_376_231_198_196_195_180_315_185_179_418_251_164_174_159_167_166_392,1926
345,242,345_169_369_168_374_156_157_176_177_189_190_211_202_235_245_239_241_242,1612
324,40,324_326_280_397_385_91_85_314_347_83_77_75_309_357_40,922
30,392,30_236_376_231_198_196_195_180_315_185_179_418_251_164_174_159_167_166_392,1360
324,4,324_326_280_397_385_91_85_314_347_83_77_75_310_237_233_234_200_208_145_146_148_227_151_152_154_4,2052
324,240,324_326_280_397_385_91_85_314_347_83_78_49_364_46_41_378_381_352_1_127_408_70_56_9_11_421_240,1319
367,306,367_400_286_235_246_34_33_31_357_40_50_19_24_349_313_79_81_117_301_382_275_273_372_306,1555
324,147,324_326_280_397_385_91_85_314_347_83_77_75_310_237_233_234_200_208_145_147,1426
345,242,345_169_369_168_374_156_157_176_177_189_190_211_202_235_245_239_241_242,1612
377,306,377_42_47_355_19_24_349_313_79_81_117_301_382_275_273_372_306,774
55,418,55_132_134_52_360_0_366_351_248_30_236_376_231_198_196_195_180_315_185_179_418,1473
345,246,345_169_369_168_374_156_157_176_177_189_190_211_202_235_246,1283
248,392,248_30_236_376_231_198_196_195_180_315_185_179_418_251_164_174_159_167_166_392,1481
39,4,39_75_310_237_233_234_200_208_145_146_148_227_151_152_154_4,1435
93,4,93_77_75_310_237_233_234_200_208_145_146_148_227_151_152_154_4,1494
283,227,283_21_85_314_347_83_77_75_310_237_233_234_200_208_145_146_148_227,1474
367,162,367_400_287_200_208_145_146_148_227_151_152_153_155_163_258_162,1483
345,281,345_169_369_168_374_156_157_176_177_189_190_211_202_235_246_34_33_31_357_40_50_20_23_73_22_329_89_281,2148
395,79,395_7_340_27_72_409_365_362_358_380_377_42_47_355_19_24_349_313_79,687
75,4,75_310_237_233_234_200_208_145_146_148_227_151_152_154_4,1372
324,4,324_326_280_397_385_91_85_314_347_83_77_75_310_237_233_234_200_208_145_146_148_227_151_152_154_4,2052
390,242,390_344_168_374_156_157_176_177_189_190_211_202_235_245_239_241_242,1596
206,392,206_196_195_180_315_185_179_418_251_164_174_159_167_166_392,1057
55,291,55_132_134_52_360_0_366_351_248_30_236_376_231_198_197_291,955
324,240,324_326_280_397_385_91_85_314_347_83_78_49_364_46_41_378_381_352_1_127_408_70_56_9_11_421_240,1319
345,306,345_169_369_168_374_156_157_176_177_189_190_211_202_235_246_34_33_31_357_40_50_19_24_349_313_79_81_117_301_382_275_273_372_306,2298
144,392,144_210_191_193_180_315_185_179_418_251_164_174_159_167_166_392,1100
55,392,55_132_134_52_360_0_366_351_248_30_236_376_231_198_196_195_180_315_185_179_418_251_164_174_159_167_166_392,1920
345,51,345_169_369_168_374_156_157_176_177_189_190_211_202_235_246_34_33_31_356_35_338_361_353_51,1805
324,4,324_326_280_397_385_91_85_314_347_83_77_75_310_237_233_234_200_208_145_146_148_227_151_152_154_4,2052
367,391,367_400_287_200_208_145_146_148_227_151_152_153_155_164_174_159_167_166_391,1582
324,147,324_326_280_397_385_91_85_314_347_83_77_75_310_237_233_234_200_208_145_147,1426
324,240,324_326_280_397_385_91_85_314_347_83_78_49_364_46_41_378_381_352_1_127_408_70_56_9_11_421_240,1319
300,392,300_198_196_195_180_315_185_179_418_251_164_174_159_167_166_392,1135
345,242,345_169_369_168_374_156_157_176_177_189_190_211_202_235_245_239_241_242,1612
55,196,55_132_134_52_360_0_366_351_248_30_236_376_231_198_196,977
324,154,324_326_280_397_385_91_85_314_347_83_77_75_310_237_233_234_200_208_145_146_148_227_151_152_154,1970
345,375,345_169_369_168_374_156_157_176_177_189_190_211_202_235_246_34_33_30_236_375,1754
300,392,300_198_196_195_180_315_185_179_418_251_164_174_159_167_166_392,1135
324,183,324_326_280_397_385_91_85_314_347_83_77_75_310_236_376_231_198_196_195_180_315_184_183,1506
390,240,390_344_168_374_156_157_176_177_189_190_211_202_235_245_239_240,1535
345,349,345_169_369_168_374_156_157_176_177_189_190_211_202_235_246_34_33_31_357_40_50_19_24_349,1854
345,325,345_169_369_168_374_156_157_176_177_189_190_211_202_235_246_34_33_31_357_40_50_20_23_73_22_329_89_281_325,2160
367,418,367_400_287_200_208_144_210_191_193_180_315_185_179_418,1216
324,222,324_326_280_397_385_91_85_314_347_83_77_75_310_236_376_231_198_196_195_181_222,1410
200,392,200_208_145_146_148_227_151_152_153_155_164_174_159_167_166_392,1339
390,40,390_344_168_374_156_157_176_177_189_190_211_202_235_246_34_33_31_357_40,1573
324,240,324_326_280_397_385_91_85_314_347_83_78_49_364_46_41_378_381_352_1_127_408_70_56_9_11_421_240,1319
390,242,390_344_168_374_156_157_176_177_189_190_211_202_235_245_239_241_242,1596
345,51,345_169_369_168_374_156_157_176_177_189_190_211_202_235_246_34_33_31_356_35_338_361_353_51,1805
345,325,345_169_369_168_374_156_157_176_177_189_190_211_202_235_246_34_33_31_357_40_50_20_23_73_22_329_89_281_325,2160
395,392,395_7_340_27_72_409_366_351_248_30_236_376_231_198_196_195_180_315_185_179_418_251_164_174_159_167_166_392,1888
345,51,345_169_369_168_374_156_157_176_177_189_190_211_202_235_246_34_33_31_356_35_338_361_353_51,1805
400,392,400_287_200_208_145_146_148_227_151_152_153_155_164_174_159_167_166_392,1419
15,302,15_34_33_31_357_40_50_19_24_349_313_79_81_117_302,826
345,242,345_169_369_168_374_156_157_176_177_189_190_211_202_235_245_239_241_242,1612
395,196,395_7_340_27_72_409_366_351_248_30_236_376_231_198_196,945
324,4,324_326_280_397_385_91_85_314_347_83_77_75_310_237_233_234_200_208_145_146_148_227_151_152_154_4,2052
413,242,413_250_410_411_184_183_177_189_190_211_202_235_245_239_241_242,1396
390,240,390_344_168_374_156_157_176_177_189_190_211_202_235_245_239_240,1535
390,242,390_344_168_374_156_157_176_177_189_190_211_202_235_245_239_241_242,1596
390,240,390_344_168_374_156_157_176_177_189_190_211_202_235_245_239_240,1535
324,392,324_326_280_397_385_91_85_314_347_83_77_75_310_236_376_231_198_196_195_180_315_185_179_418_251_164_174_159_167_166_392,2098
324,4,324_326_280_397_385_91_85_314_347_83_77_75_310_237_233_234_200_208_145_146_148_227_151_152_154_4,2052
324,392,324_326_280_397_385_91_85_314_347_83_77_75_310_236_376_231_198_196_195_180_315_185_179_418_251_164_174_159_167_166_392,2098
324,227,324_326_280_397_385_91_85_314_347_83_77_75_310_237_233_234_200_208_145_146_148_227,1645
55,391,55_132_134_52_360_0_366_351_248_30_236_376_231_198_196_195_180_315_185_179_418_251_164_174_159_167_166_391,1845
395,179,395_7_340_27_72_409_366_351_248_30_236_376_231_198_196_195_180_315_185_179,1347
324,185,324_326_280_397_385_91_85_314_347_83_77_75_310_236_376_231_198_196_195_180_315_185,1385
300,392,300_198_196_195_180_315_185_179_418_251_164_174_159_167_166_392,1135
345,241,345_169_369_168_374_156_157_176_177_189_190_211_202_235_245_239_241,1516
324,392,324_326_280_397_385_91_85_314_347_83_77_75_310_236_376_231_198_196_195_180_315_185_179_418_251_164_174_159_167_166_392,2098
390,242,390_344_168_374_156_157_176_177_189_190_211_202_235_245_239_241_242,1596
144,392,144_210_191_193_180_315_185_179_418_251_164_174_159_167_166_392,1100
324,233,324_326_280_397_385_91_85_314_347_83_77_75_310_237_233,968
390,241,390_344_168_374_156_157_176_177_189_190_211_202_235_245_239_241,1500
390,242,390_344_168_374_156_157_176_177_189_190_211_202_235_245_239_241_242,1596
367,391,367_400_287_200_208_145_146_148_227_151_152_153_155_164_174_159_167_166_391,1582
345,325,345_169_369_168_374_156_157_176_177_189_190_211_202_235_246_34_33_31_357_40_50_20_23_73_22_329_89_281_325,2160
390,242,390_344_168_374_156_157_176_177_189_190_211_202_235_245_239_241_242,1596
324,4,324_326_280_397_385_91_85_314_347_83_77_75_310_237_233_234_200_208_145_146_148_227_151_152_154_4,2052
390,240,390_344_168_374_156_157_176_177_189_190_211_202_235_245_239_240,1535
21,392,21_85_314_347_83_77_75_310_236_376_231_198_196_195_180_315_185_179_418_251_164_174_159_167_166_392,1813
345,242,345_169_369_168_374_156_157_176_177_189_190_211_202_235_245_239_241_242,1612
324,154,324_326_280_397_385_91_85_314_347_83_77_75_310_237_233_234_200_208_145_146_148_227_151_152_154,1970
367,80,367_400_286_235_246_34_33_31_357_40_50_19_24_349_313_79_80,1253
345,242,345_169_369_168_374_156_157_176_177_189_190_211_202_235_245_239_241_242,1612
390,242,390_344_168_374_156_157_176_177_189_190_211_202_235_245_239_241_242,1596
324,234,324_326_280_397_385_91_85_314_347_83_77_75_310_237_233_234,1083
78,306,78_50_19_24_349_313_79_81_117_301_382_275_273_372_306,708
324,239,324_326_280_397_385_91_85_314_347_83_78_49_364_46_43_38_36_249_13_16_239,1290
93,4,93_77_75_310_237_233_234_200_208_145_146_148_227_151_152_154_4,1494
393,392,393_95_376_231_198_196_195_180_315_185_179_418_251_164_174_159_167_166_392,1339
413,241,413_250_410_411_184_183_177_189_190_211_202_235_245_239_241,1299
345,240,345_169_369_168_374_156_157_176_177_189_190_211_202_235_245_239_240,1552
324,50,324_326_280_397_385_91_85_314_347_83_78_50,770
413,4,413_250_410_411_185_179_418_252_334_158_152_154_4,1215
324,231,324_326_280_397_385_91_85_314_347_83_77_75_310_236_376_231,963
390,203,390_344_168_374_155_163_258_162_415_413_250_410_412_186_223_214_297_203,1299
367,202,367_400_287_200_209_202,567
345,294,345_169_369_168_374_155_163_258_162_415_413_250_410_412_186_223_213_294,1233
212,325,212_153_156_157_176_177_189_190_211_202_235_246_34_33_31_357_40_50_20_23_73_22_329_89_281_325,2015
366,391,366_351_248_30_236_376_231_198_196_195_180_315_185_179_418_251_164_174_159_167_166_391,1543
345,23,345_169_369_168_374_156_157_176_177_189_190_211_202_235_246_34_33_31_357_40_50_20_23,1789
390,153,390_344_168_374_156_158_152_153,648
390,240,390_344_168_374_156_157_176_177_189_190_211_202_235_245_239_240,1535
324,4,324_326_280_397_385_91_85_314_347_83_77_75_310_237_233_234_200_208_145_146_148_227_151_152_154_4,2052
390,242,390_344_168_374_156_157_176_177_189_190_211_202_235_245_239_241_242,1596
390,240,390_344_168_374_156_157_176_177_189_190_211_202_235_245_239_240,1535
324,148,324_326_280_397_385_91_85_314_347_83_77_75_310_237_233_234_200_208_145_146_148,1557
324,418,324_326_280_397_385_91_85_314_347_83_77_75_310_236_376_231_198_196_195_180_315_185_179_418,1651
345,51,345_169_369_168_374_156_157_176_177_189_190_211_202_235_246_34_33_31_356_35_338_361_353_51,1805
283,4,283_21_85_314_347_83_77_75_310_237_233_234_200_208_145_146_148_227_151_152_154_4,1881
324,4,324_326_280_397_385_91_85_314_347_83_77_75_310_237_233_234_200_208_145_146_148_227_151_152_154_4,2052
324,4,324_326_280_397_385_91_85_314_347_83_77_75_310_237_233_234_200_208_145_146_148_227_151_152_154_4,2052
376,391,376_231_198_196_195_180_315_185_179_418_251_164_174_159_167_166_391,1117
324,4,324_326_280_397_385_91_85_314_347_83_77_75_310_237_233_234_200_208_145_146_148_227_151_152_154_4,2052
15,391,15_34_33_30_236_376_231_198_196_195_180_315_185_179_418_251_164_174_159_167_166_391,1534
345,325,345_169_369_168_374_156_157_176_177_189_190_211_202_235_246_34_33_31_357_40_50_20_23_73_22_329_89_281_325,2160
236,392,236_376_231_198_196_195_180_315_185_179_418_251_164_174_159_167_166_392,1281
367,391,367_400_287_200_208_145_146_148_227_151_152_153_155_164_174_159_167_166_391,1582
345,51,345_169_369_168_374_156_157_176_177_189_190_211_202_235_246_34_33_31_356_35_338_361_353_51,1805
395,260,395_7_340_27_72_409_365_362_358_380_377_42_47_355_19_24_349_313_79_81_117_301_382_276_267_265_262_261_260,1337
395,23,395_7_340_27_72_409_365_362_358_380_377_42_47_355_20_23,564
324,4,324_326_280_397_385_91_85_314_347_83_77_75_310_237_233_234_200_208_145_146_148_227_151_152_154_4,2052
331,179,331_52_360_0_366_351_248_30_236_376_231_198_196_195_180_315_185_179,1263
206,391,206_196_195_180_315_185_179_418_251_164_174_159_167_166_391,983
326,242,326_280_397_385_91_85_314_347_83_78_49_364_46_41_378_381_352_1_127_408_70_56_9_11_421_241_242,1334
198,391,198_196_195_180_315_185_179_418_251_164_174_159_167_166_391,983
390,240,390_344_168_374_156_157_176_177_189_190_211_202_235_245_239_240,1535
206,392,206_196_195_180_315_185_179_418_251_164_174_159_167_166_392,1057
324,4,324_326_280_397_385_91_85_314_347_83_77_75_310_237_233_234_200_208_145_146_148_227_151_152_154_4,2052
132,392,132_134_52_360_0_366_351_248_30_236_376_231_198_196_195_180_315_185_179_418_251_164_174_159_167_166_392,1826
390,242,390_344_168_374_156_157_176_177_189_190_211_202_235_245_239_241_242,1596
395,325,395_7_340_27_72_409_365_362_358_380_377_42_47_355_20_23_73_22_329_89_281_325,936
324,417,324_326_280_397_385_91_85_314_347_83_77_75_310_236_376_231_198_196_195_180_315_185_179_417,1669
168,242,168_374_156_157_176_177_189_190_211_202_235_245_239_241_242,1508
390,242,390_344_168_374_156_157_176_177_189_190_211_202_235_245_239_241_242,1596
390,281,390_344_168_374_156_157_176_177_189_190_211_202_235_246_34_33_31_357_40_50_20_23_73_22_329_89_281,2131
324,294,324_326_280_397_385_91_85_314_347_83_77_75_310_236_376_231_198_196_195_181_223_213_294,1479
340,392,340_27_72_409_366_351_248_30_236_376_231_198_196_195_180_315_185_179_418_251_164_174_159_167_166_392,1803
400,281,400_286_235_246_34_33_31_357_40_50_20_23_73_22_329_89_281,1168
344,240,344_168_374_156_157_176_177_189_190_211_202_235_245_239_240,1490
15,391,15_34_33_30_236_376_231_198_196_195_180_315_185_179_418_251_164_174_159_167_166_391,1534
367,392,367_400_287_200_208_145_146_148_227_151_152_153_155_164_174_159_167_166_392,1656
55,392,55_132_134_52_360_0_366_351_248_30_236_376_231_198_196_195_180_315_185_179_418_251_164_174_159_167_166_392,1920
283,191,283_21_85_314_347_83_77_75_310_237_233_234_200_208_144_210_191,1306
202,392,202_234_200_208_145_146_148_227_151_152_153_155_164_174_159_167_166_392,1492
390,241,390_344_168_374_156_157_176_177_189_190_211_202_235_245_239_241,1500
324,315,324_326_280_397_385_91_85_314_347_83_77_75_310_236_376_231_198_196_195_180_315,1328
367,325,367_400_286_235_246_34_33_31_357_40_50_20_23_73_22_329_89_281_325,1418
345,203,345_169_369_168_374_155_163_258_162_415_413_250_410_412_186_223_214_297_203,1315
355,306,355_19_24_349_313_79_81_117_301_382_275_273_372_306,614
345,246,345_169_369_168_374_156_157_176_177_189_190_211_202_235_246,1283
324,4,324_326_280_397_385_91_85_314_347_83_77_75_310_237_233_234_200_208_145_146_148_227_151_152_154_4,2052
345,4,345_169_370_402_4,227
283,4,283_21_85_314_347_83_77_75_310_237_233_234_200_208_145_146_148_227_151_152_154_4,1881
326,194,326_280_397_385_91_85_314_347_83_77_75_310_236_376_231_198_196_194,1209
206,242,206_196_195_180_315_184_183_177_189_190_211_202_235_245_239_241_242,1408
324,4,324_326_280_397_385_91_85_314_347_83_77_75_310_237_233_234_200_208_145_146_148_227_151_152_154_4,2052
390,51,390_344_168_374_156_157_176_177_189_190_211_202_235_246_34_33_31_356_35_338_361_353_51,1788
236,392,236_376_231_198_196_195_180_315_185_179_418_251_164_174_159_167_166_392,1281
324,399,324_326_280_397_385_91_85_314_347_83_78_49_364_46_43_38_36_249_13_16_238_399,1340
366,391,366_351_248_30_236_376_231_198_196_195_180_315_185_179_418_251_164_174_159_167_166_391,1543
345,32,345_169_369_168_374_156_157_176_177_189_190_211_202_235_246_34_32,1450
324,4,324_326_280_397_385_91_85_314_347_83_77_75_310_237_233_234_200_208_145_146_148_227_151_152_154_4,2052
390,242,390_344_168_374_156_157_176_177_189_190_211_202_235_245_239_241_242,1596
324,4,324_326_280_397_385_91_85_314_347_83_77_75_310_237_233_234_200_208_145_146_148_227_151_152_154_4,2052
324,227,324_326_280_397_385_91_85_314_347_83_77_75_310_237_233_234_200_208_145_146_148_227,1645
390,240,390_344_168_374_156_157_176_177_189_190_211_202_235_245_239_240,1535
324,4,324_326_280_397_385_91_85_314_347_83_77_75_310_237_233_234_200_208_145_146_148_227_151_152_154_4,2052
376,392,376_231_198_196_195_180_315_185_179_418_251_164_174_159_167_166_392,1191
48,325,48_45_42_47_355_20_23_73_22_329_89_281_325,661
283,392,283_21_85_314_347_83_77_75_310_236_376_231_198_196_195_180_315_185_179_418_251_164_174_159_167_166_392,1926
400,325,400_286_235_246_34_33_31_357_40_50_20_23_73_22_329_89_281_325,1181
390,242,390_344_168_374_156_157_176_177_189_190_211_202_235_245_239_241_242,1596
324,233,324_326_280_397_385_91_85_314_347_83_77_75_310_237_233,968
367,392,367_400_287_200_208_145_146_148_227_151_152_153_155_164_174_159_167_166_392,1656
93,8,93_78_49_364_46_41_378_381_352_1_127_408_71_26_341_8,561
283,163,283_21_85_314_347_83_77_75_310_236_376_231_198_196_195_180_315_185_179_418_251_163,1616
324,227,324_326_280_397_385_91_85_314_347_83_77_75_310_237_233_234_200_208_145_146_148_227,1645
