u,v,,,key,osmid,oneway,lanes,name,highway,reversed,length,geometry,maxspeed,width,ref,access
31179466,962356923,31179466962356923,#N/A,0,10741734,TRUE,2,Καματερού,primary,FALSE,6.341,"LINESTRING (23.726682 37.9871724, 23.7267319 37.9871311)",,,,
31179466,97834761,3117946697834761,#N/A,0,384593008,TRUE,2,Μάρνη,secondary,FALSE,25.295,"LINESTRING (23.726682 37.9871724, 23.7265929 37.9871202, 23.7264514 37.9870356)",,,,
31179468,250921080,31179468250921080,#N/A,0,10741731,TRUE,,Σατωβριάνδου,residential,FALSE,15.665,"LINESTRING (23.7241204 37.9856434, 23.7242961 37.9856175)",,,,
31179468,6693568141,311794686693568141,311794686693568141,0,10976435,FALSE,4,Μάρνη,secondary,FALSE,61.072,"LINESTRING (23.7241204 37.9856434, 23.7246801 37.9859706)",,,,
42240105,250691272,42240105250691272,#N/A,0,789796816,TRUE,,Καραγιώργη Σερβίας,residential,FALSE,82.44600000000001,"LINESTRING (23.7343793 37.9761998, 23.7340812 37.9762601, 23.7338002 37.9763107, 23.7337544 37.9763175, 23.7336867 37.9763254, 23.7334596 37.9763519)",,,,
95663374,95663419,9566337495663419,#N/A,0,634244587,TRUE,,Ακομινάτου,residential,FALSE,60.295,"LINESTRING (23.723325 37.9863552, 23.7234789 37.9868837)",30,6.2,,
95663375,95663504,9566337595663504,#N/A,0,10741726,TRUE,,Βίκτωρος Ουγκώ,residential,FALSE,13.415,"LINESTRING (23.7249236 37.9861129, 23.7248228 37.9861259, 23.7247728 37.9861335)",,,,
95663375,844627879,95663375844627879,95663375844627879,0,10976435,FALSE,4,Μάρνη,secondary,FALSE,33.934,"LINESTRING (23.7249236 37.9861129, 23.725086 37.9862079, 23.7251001 37.9862161, 23.7252346 37.9862947)",,,,
95663375,6693568141,956633756693568141,956633756693568141,0,10976435,FALSE,4,Μάρνη,secondary,TRUE,26.566000000000003,"LINESTRING (23.7249236 37.9861129, 23.7248266 37.9860562, 23.7248063 37.9860443, 23.7246801 37.9859706)",,,,
95663376,95663377,9566337695663377,#N/A,0,10741722,TRUE,2,Μενάνδρου,tertiary,FALSE,63.617,"LINESTRING (23.725926 37.985959, 23.7258515 37.9856607, 23.7257879 37.9854144, 23.7257836 37.985398)",,,,
95663376,95663493,9566337695663493,#N/A,0,32357772,TRUE,,Βερανζέρου,residential,FALSE,65.814,"LINESTRING (23.725926 37.985959, 23.7253021 37.9860548, 23.7252449 37.9860636, 23.7251889 37.9860722)",,6,,
95663377,11256819883,9566337711256819883,#N/A,0,10741722,TRUE,2,Μενάνδρου,tertiary,FALSE,51.996,"LINESTRING (23.7257836 37.985398, 23.7256652 37.9849398)",,,,
95663377,95663386,9566337795663386,#N/A,0,10741731,TRUE,,Σατωβριάνδου,residential,FALSE,112.79,"LINESTRING (23.7257836 37.985398, 23.7269776 37.9852219, 23.7270486 37.9852114)",,,,
95663385,95663386,9566338595663386,#N/A,0,10976960,TRUE,2,Σωκράτους,tertiary,FALSE,62.776999999999994,"LINESTRING (23.7271846 37.9857657, 23.7271768 37.9857338, 23.7271167 37.9854888, 23.7270659 37.9852818, 23.7270626 37.9852687, 23.7270486 37.9852114)",,,,
95663385,95663376,9566338595663376,#N/A,0,32357772,TRUE,,Βερανζέρου,residential,FALSE,112.378,"LINESTRING (23.7271846 37.9857657, 23.7271282 37.9857744, 23.725926 37.985959)",,6,,
95663386,95663423,9566338695663423,#N/A,0,10741731,TRUE,,Σατωβριάνδου,residential,FALSE,105.649,"LINESTRING (23.7270486 37.9852114, 23.7270822 37.9852064, 23.7277602 37.9851065, 23.7281276 37.9850522, 23.7282335 37.9850366)",,,,
95663386,250720871,95663386250720871,#N/A,0,10976960,TRUE,2,Σωκράτους,tertiary,FALSE,100.343,"LINESTRING (23.7270486 37.9852114, 23.7270426 37.9851868, 23.7269439 37.9847848, 23.7269166 37.9846736, 23.7269023 37.9846153, 23.7268585 37.9844366, 23.7268306 37.9843255)",,,,
95663389,95663377,9566338995663377,#N/A,0,10741731,TRUE,,Σατωβριάνδου,residential,FALSE,65.258,"LINESTRING (23.7250517 37.985506, 23.7257836 37.985398)",,,,
95663389,95663493,9566338995663493,#N/A,0,24259066,TRUE,1,Κουμουνδούρου,residential,FALSE,64.09700000000001,"LINESTRING (23.7250517 37.985506, 23.7251786 37.9860295, 23.7251889 37.9860722)",,3,,
95663392,95663402,9566339295663402,#N/A,0,168725548,TRUE,3,Μάρνη,primary,FALSE,41.594,"LINESTRING (23.7291214 37.9885741, 23.7293936 37.9887359, 23.7294169 37.9887497, 23.729499 37.9888007)",,,,
95663392,95663400,9566339295663400,#N/A,0,168725561,TRUE,2,3ης Σεπτεμβρίου,secondary,FALSE,30.891,"LINESTRING (23.7291214 37.9885741, 23.729177 37.9887949, 23.7291795 37.9888049, 23.72919 37.9888466)",,,,
95663394,97788216,9566339497788216,#N/A,0,207971472,TRUE,1,Ηπείρου,secondary,FALSE,113.77499999999999,"LINESTRING (23.7295195 37.9901558, 23.729607 37.9901423, 23.7303954 37.9900203, 23.7306999 37.9899732, 23.7307935 37.9899588)",,8,,
95663394,635126483,95663394635126483,#N/A,0,207971478,TRUE,2,3ης Σεπτεμβρίου,secondary,FALSE,113.68,"LINESTRING (23.7295195 37.9901558, 23.7296975 37.990919, 23.729754 37.9911613)",,,,
95663400,95663631,9566340095663631,#N/A,0,168725561,TRUE,2,3ης Σεπτεμβρίου,secondary,FALSE,74.195,"LINESTRING (23.72919 37.9888466, 23.7293547 37.9895011)",,,,
95663402,961530806,95663402961530806,#N/A,0,"[741078857, 730896358, 295083398]",TRUE,3,Μάρνη,primary,FALSE,91.278,"LINESTRING (23.729499 37.9888007, 23.7296094 37.9888637, 23.730228 37.9892272, 23.7302712 37.9892558, 23.7303329 37.9892924)",,,,
95663402,95663400,9566340295663400,#N/A,0,295083399,TRUE,2,Αβέρωφ,tertiary,FALSE,27.556,"LINESTRING (23.729499 37.9888007, 23.7293108 37.9888286, 23.7292913 37.9888315, 23.72919 37.9888466)",,,,
95663418,844627879,95663418844627879,95663418844627879,0,10976435,FALSE,4,Μάρνη,secondary,TRUE,51.122,"LINESTRING (23.7257031 37.9865686, 23.7252346 37.9862947)",,,,
95663418,95663527,9566341895663527,9566341895663527,0,82682796,FALSE,4,Μάρνη,secondary,FALSE,46.646,"LINESTRING (23.7257031 37.9865686, 23.7261306 37.9868185)",,,,
95663419,98303817,9566341998303817,#N/A,0,1098831917,TRUE,1,Φαβιέρου,residential,FALSE,99.756,"LINESTRING (23.7234789 37.9868837, 23.7245984 37.9867215)",,8.9,,
95663419,7248584892,956634197248584892,#N/A,0,634244587,TRUE,,Ακομινάτου,residential,FALSE,73.36099999999999,"LINESTRING (23.7234789 37.9868837, 23.7234946 37.9869378, 23.7236234 37.9873324, 23.7236788 37.9875243)",30,6.2,,
95663420,250714052,95663420250714052,#N/A,0,32295798,TRUE,2,Χαλκοκονδύλη,primary,FALSE,121.449,"LINESTRING (23.7285143 37.9861564, 23.7286514 37.9861361, 23.7296827 37.9859819, 23.72973 37.9859744, 23.7298764 37.9859556)",,,,
95663420,962356679,95663420962356679,#N/A,0,741733384,TRUE,3,3ης Σεπτεμβρίου,primary,FALSE,58.782,"LINESTRING (23.7285143 37.9861564, 23.7286306 37.98662, 23.7286384 37.9866513, 23.7286444 37.986675)",,,,
95663422,95663385,9566342295663385,#N/A,0,32357772,TRUE,,Βερανζέρου,residential,FALSE,105.895,"LINESTRING (23.7283706 37.9855836, 23.7282655 37.9855997, 23.7279111 37.9856541, 23.7272515 37.9857554, 23.7272144 37.9857611, 23.7271846 37.9857657)",,6,,
95663422,95663420,9566342295663420,#N/A,0,762514801,TRUE,3,3ης Σεπτεμβρίου,primary,FALSE,64.926,"LINESTRING (23.7283706 37.9855836, 23.7284088 37.9857358, 23.7284707 37.9859824, 23.7284855 37.9860414, 23.7284942 37.9860763, 23.7285143 37.9861564)",,,,
95663423,95663422,9566342395663422,#N/A,0,762514801,TRUE,3,3ης Σεπτεμβρίου,primary,FALSE,61.999,"LINESTRING (23.7282335 37.9850366, 23.7283465 37.9854872, 23.7283646 37.9855595, 23.7283706 37.9855836)",,,,
95663426,688786344,95663426688786344,#N/A,0,222897513,TRUE,1,Καποδιστρίου,primary,FALSE,50.206,"LINESTRING (23.7274563 37.9868729, 23.7270688 37.9869404, 23.7270516 37.9869443, 23.7270409 37.9869489, 23.7270294 37.9869556, 23.7270176 37.9869644, 23.7269458 37.9870356)",,,,
95663426,300398465,95663426300398465,#N/A,0,222941080,TRUE,1,Αριστοτέλους,tertiary,FALSE,61.510999999999996,"LINESTRING (23.7274563 37.9868729, 23.727361 37.9864845, 23.7273525 37.9864498, 23.7273229 37.9863298)",,,,
95663433,95663454,9566343395663454,#N/A,0,10741757,TRUE,,Σολωμού,residential,FALSE,106.67099999999999,"LINESTRING (23.7275882 37.9874107, 23.7286924 37.9872392, 23.7287824 37.9872252)",,5,,
95663433,95663426,9566343395663426,#N/A,0,222941080,TRUE,1,Αριστοτέλους,tertiary,FALSE,60.907,"LINESTRING (23.7275882 37.9874107, 23.7274722 37.9869378, 23.7274659 37.986912, 23.7274563 37.9868729)",,,,
95663454,97788192,9566345497788192,#N/A,0,10741757,TRUE,,Σολωμού,residential,FALSE,119.38799999999999,"LINESTRING (23.7287824 37.9872252, 23.728889 37.9872087, 23.7300012 37.9870359, 23.730119 37.9870177)",,5,,
95663454,95663467,9566345495663467,#N/A,0,260824573,TRUE,3,3ης Σεπτεμβρίου,primary,FALSE,59.11,"LINESTRING (23.7287824 37.9872252, 23.728893 37.9876663, 23.7289012 37.987699, 23.7289132 37.9877467)",,,,
95663461,3879024939,956634613879024939,956634613879024939,0,82682785,FALSE,4,Μάρνη,primary,TRUE,45.414,"LINESTRING (23.7276613 37.9877086, 23.7272465 37.9874638)",,,,
95663461,95663464,9566346195663464,9566346195663464,0,82682785,FALSE,4,Μάρνη,primary,FALSE,34.158,"LINESTRING (23.7276613 37.9877086, 23.7278468 37.9878195, 23.7279778 37.9878876)",,,,
95663461,95663433,9566346195663433,#N/A,0,222941080,TRUE,1,Αριστοτέλους,tertiary,FALSE,33.739000000000004,"LINESTRING (23.7276613 37.9877086, 23.7276056 37.9874814, 23.7275991 37.9874548, 23.7275882 37.9874107)",,,,
95663463,95663472,9566346395663472,#N/A,0,10741751,TRUE,2,Στουρνάρη,secondary,FALSE,92.686,"LINESTRING (23.7277151 37.9879272, 23.7276156 37.9879422, 23.7270286 37.9880306, 23.7267657 37.9880702, 23.7266763 37.9880837)",,,,
95663463,95663461,9566346395663461,#N/A,0,222941078,TRUE,2,Αριστοτέλους,tertiary,FALSE,24.759999999999998,"LINESTRING (23.7277151 37.9879272, 23.7277083 37.9878997, 23.7276613 37.9877086)",,,,
95663464,95663461,9566346495663461,9566346495663461,0,82682785,FALSE,4,Μάρνη,primary,TRUE,34.158,"LINESTRING (23.7279778 37.9878876, 23.7278468 37.9878195, 23.7276613 37.9877086)",,,,
95663464,962356674,95663464962356674,#N/A,0,384593010,TRUE,3,Μάρνη,primary,FALSE,27.951999999999998,"LINESTRING (23.7279778 37.9878876, 23.7281359 37.9879908, 23.7282268 37.9880446)",,,,
95663464,95663463,9566346495663463,#N/A,0,636791823,TRUE,2,Στουρνάρη,secondary,FALSE,23.439,"LINESTRING (23.7279778 37.9878876, 23.7277968 37.9879149, 23.7277151 37.9879272)",,,,
95663467,962356840,95663467962356840,#N/A,0,189099792,TRUE,2,Στουρνάρη,secondary,FALSE,59.655,"LINESTRING (23.7289132 37.9877467, 23.7288025 37.9877634, 23.7284723 37.9878131, 23.7282446 37.9878474)",,,,
95663467,95663392,9566346795663392,#N/A,0,189099793,TRUE,3,3ης Σεπτεμβρίου,primary,FALSE,93.795,"LINESTRING (23.7289132 37.9877467, 23.7290175 37.9881613, 23.7290282 37.9882036, 23.7290797 37.9884084, 23.7290932 37.9884621, 23.7291214 37.9885741)",,,,
95663472,635132981,95663472635132981,#N/A,0,189099791,TRUE,2,Αχαρνών,primary,FALSE,55.606,"LINESTRING (23.7266763 37.9880837, 23.7267009 37.9885834)",,,,
95663474,962356740,95663474962356740,#N/A,0,222899032,TRUE,2,Λιοσίων,primary,FALSE,82.191,"LINESTRING (23.7258952 37.9878886, 23.7265063 37.9873279)",,,,
95663474,95663499,9566347495663499,#N/A,0,222897512,TRUE,1,Μάγερ,tertiary,FALSE,34.235,"LINESTRING (23.7258952 37.9878886, 23.7258561 37.987822, 23.7258361 37.9877852, 23.7257222 37.9876127)",,,,
95663490,8212395769,956634908212395769,956634908212395769,0,1279450436,FALSE,2,Λιοσίων,secondary,FALSE,6.932,"LINESTRING (23.7250694 37.9888208, 23.7250288 37.9888743)",30,,,
95663490,97834829,9566349097834829,#N/A,0,10741754,TRUE,2,Λιοσίων,secondary,FALSE,10.91,"LINESTRING (23.7250694 37.9888208, 23.7250774 37.9888106, 23.7251117 37.9887719, 23.72514 37.98874)",30,,,
95663492,95663376,9566349295663376,#N/A,0,10741758,TRUE,1,Μενάνδρου,tertiary,FALSE,63,"LINESTRING (23.7260626 37.9865152, 23.7259374 37.9859959, 23.725926 37.985959)",,,,
95663492,95663418,9566349295663418,#N/A,0,85392263,TRUE,1,Χαλκοκονδύλη,secondary,FALSE,32.065,"LINESTRING (23.7260626 37.9865152, 23.7258482 37.9865447, 23.7257031 37.9865686)",,,,
95663493,844627879,95663493844627879,#N/A,0,24259066,TRUE,1,Κουμουνδούρου,residential,FALSE,25.07,"LINESTRING (23.7251889 37.9860722, 23.7252077 37.9861485, 23.7252346 37.9862947)",,3,,
95663493,95663375,9566349395663375,#N/A,0,32357772,TRUE,,Βερανζέρου,residential,FALSE,23.688,"LINESTRING (23.7251889 37.9860722, 23.7251153 37.9860835, 23.7249236 37.9861129)",,6,,
95663499,97834765,9566349997834765,9566349997834765,0,10976012,FALSE,,Βατσαξή,residential,TRUE,75.731,"LINESTRING (23.7257222 37.9876127, 23.7248767 37.9877534)",,,,
95663499,95663501,9566349995663501,#N/A,0,222897512,TRUE,1,Μάγερ,tertiary,FALSE,50.631,"LINESTRING (23.7257222 37.9876127, 23.7254411 37.9872149)",,,,
95663501,95663524,9566350195663524,#N/A,0,204621371,TRUE,,Μαιζώνος,residential,FALSE,60.907,"LINESTRING (23.7254411 37.9872149, 23.7247626 37.9873335)",,,,
95663501,95663502,9566350195663502,#N/A,0,222897512,TRUE,1,Μάγερ,tertiary,FALSE,70.588,"LINESTRING (23.7254411 37.9872149, 23.7250632 37.9866543)",,,,
95663502,95663504,9566350295663504,#N/A,0,261671452,TRUE,1,Μάγερ,tertiary,FALSE,63.257,"LINESTRING (23.7250632 37.9866543, 23.724801 37.9861819, 23.7247728 37.9861335)",,,,
95663502,95663418,9566350295663418,#N/A,0,"[741033482, 741033483]",TRUE,1,Φαβιέρου,residential,FALSE,56.915,"LINESTRING (23.7250632 37.9866543, 23.7253722 37.9866096, 23.7256132 37.9865748, 23.7257031 37.9865686)",,,,
95663504,95663374,9566350495663374,#N/A,0,10741726,TRUE,,Βίκτωρος Ουγκώ,residential,FALSE,129.256,"LINESTRING (23.7247728 37.9861335, 23.7233743 37.9863477, 23.723325 37.9863552)",,,,
95663504,6693568141,956635046693568141,#N/A,0,261671452,TRUE,1,Μάγερ,tertiary,FALSE,19.881999999999998,"LINESTRING (23.7247728 37.9861335, 23.7247097 37.9860121, 23.7246801 37.9859706)",,,,
95663524,633562897,95663524633562897,#N/A,0,204621371,TRUE,,Μαιζώνος,residential,FALSE,48.616,"LINESTRING (23.7247626 37.9873335, 23.724221 37.9874281)",,,,
95663524,98303817,9566352498303817,#N/A,0,10976009,TRUE,,Σωνιέρου,residential,FALSE,69.556,"LINESTRING (23.7247626 37.9873335, 23.724611 37.9867686, 23.7245984 37.9867215)",,,,
95663527,95663492,9566352795663492,#N/A,0,10741758,TRUE,1,Μενάνδρου,tertiary,FALSE,34.248,"LINESTRING (23.7261306 37.9868185, 23.7260626 37.9865152)",,,,
95663527,95663418,9566352795663418,9566352795663418,0,82682796,FALSE,4,Μάρνη,secondary,TRUE,46.646,"LINESTRING (23.7261306 37.9868185, 23.7257031 37.9865686)",,,,
95663527,8253823131,956635278253823131,956635278253823131,0,82682796,FALSE,4,Μάρνη,secondary,FALSE,25.402,"LINESTRING (23.7261306 37.9868185, 23.7263268 37.9869334, 23.7263633 37.9869547)",,,,
95663631,95663394,9566363195663394,#N/A,0,168725561,TRUE,2,3ης Σεπτεμβρίου,secondary,FALSE,74.21900000000001,"LINESTRING (23.7293547 37.9895011, 23.7294294 37.989798, 23.7295101 37.9901186, 23.7295195 37.9901558)",,,,
97788192,6356544246,977881926356544246,#N/A,0,10741757,TRUE,,Σολωμού,residential,FALSE,80.867,"LINESTRING (23.730119 37.9870177, 23.730982 37.9868835, 23.7310243 37.986877)",,5,,
97788192,516020524,97788192516020524,#N/A,0,311408820,TRUE,3,Πατησίων,primary,FALSE,62.943,"LINESTRING (23.730119 37.9870177, 23.7301055 37.9869588, 23.7300079 37.9865313, 23.7299917 37.9864606)",,,ΕΟ1,
97788195,97788202,9778819597788202,#N/A,0,"[311453391, 41806639]",TRUE,2,Πατησίων,primary,FALSE,233.62100000000004,"LINESTRING (23.7302398 37.9875469, 23.7303601 37.9877108, 23.7304474 37.988052, 23.7305585 37.9884859, 23.730569 37.9885269, 23.7305808 37.9885728, 23.7306044 37.9886653, 23.7306218 37.988733, 23.7306348 37.9887839, 23.7306845 37.9889779, 23.7307614 37.9892786, 23.7307681 37.9893047, 23.7308398 37.9895847)",,,,
97788195,97788192,9778819597788192,#N/A,0,311408820,TRUE,3,Πατησίων,primary,FALSE,59.79,"LINESTRING (23.7302398 37.9875469, 23.7302317 37.9875115, 23.7302108 37.98742, 23.7301985 37.987366, 23.7301892 37.9873252, 23.730132 37.9870747, 23.730119 37.9870177)",,,ΕΟ1,
97788195,95663467,9778819595663467,#N/A,0,"[260124783, 755022871]",TRUE,2,Στουρνάρη,secondary,FALSE,118.36399999999999,"LINESTRING (23.7302398 37.9875469, 23.7300864 37.98757, 23.7293295 37.987684, 23.7290657 37.9877237, 23.7290223 37.9877303, 23.7289132 37.9877467)",,,,
97788202,97788210,9778820297788210,#N/A,0,168725546,TRUE,2,Πατησίων,primary,FALSE,40.033,"LINESTRING (23.7308398 37.9895847, 23.7309096 37.9898574, 23.7309198 37.9898972, 23.7309302 37.9899376)",,,,
97788210,97797184,9778821097797184,#N/A,0,243850913,TRUE,1,Βασιλέως Ηρακλείου,secondary,FALSE,83.804,"LINESTRING (23.7309302 37.9899376, 23.7310278 37.9899225, 23.7315421 37.989843, 23.7318686 37.9897925)",,8,,
97788210,97797102,9778821097797102,#N/A,0,243850915,TRUE,2,Πατησίων,primary,FALSE,99.697,"LINESTRING (23.7309302 37.9899376, 23.7310656 37.9904666, 23.7311551 37.9908165)",,,ΕΟ1,
97788213,95663402,9778821395663402,#N/A,0,10741746,TRUE,2,Αβέρωφ,tertiary,FALSE,86.738,"LINESTRING (23.7304716 37.9886561, 23.7303504 37.9886741, 23.7296083 37.9887844, 23.7295793 37.9887887, 23.729499 37.9888007)",,,,
97788213,97788195,9778821397788195,#N/A,0,"[260124785, 702087350]",TRUE,2,Πατησίων,primary,FALSE,125.28699999999998,"LINESTRING (23.7304716 37.9886561, 23.7304442 37.9885452, 23.7304133 37.9884198, 23.7303127 37.9880128, 23.7302688 37.987835, 23.7302409 37.9877222, 23.7302398 37.9875469)",,,ΕΟ1,
97788216,97788210,9778821697788210,#N/A,0,49277172,TRUE,1,Βασιλέως Ηρακλείου,secondary,FALSE,12.209,"LINESTRING (23.7307935 37.9899588, 23.7309302 37.9899376)",,11,,
97788216,597677303,97788216597677303,#N/A,0,249412140,TRUE,2,Πατησίων,primary,FALSE,52.36000000000001,"LINESTRING (23.7307935 37.9899588, 23.7307833 37.9899175, 23.7306978 37.9895749, 23.7306793 37.9894966)",,,ΕΟ1,
97788219,97788769,9778821997788769,#N/A,0,49277798,TRUE,,Δεληγιάννη,residential,FALSE,55.343,"LINESTRING (23.7336336 37.9894893, 23.7341014 37.989417, 23.7342533 37.9893935)",,,,
97788219,97797051,9778821997797051,#N/A,0,228109849,TRUE,,Μπουμπουλίνας,tertiary,FALSE,100.11399999999999,"LINESTRING (23.7336336 37.9894893, 23.7338448 37.9903351, 23.7338542 37.9903727)",,5,,
97788471,358465939,97788471358465939,#N/A,0,10971763,TRUE,2,Ιουλιανού,secondary,FALSE,69.58,"LINESTRING (23.7298367 37.9915157, 23.7297861 37.9915237, 23.7297398 37.991531, 23.7290582 37.9916387)",,,,
97788471,358465410,97788471358465410,#N/A,0,222941079,TRUE,2,3ης Σεπτεμβρίου,secondary,FALSE,85.994,"LINESTRING (23.7298367 37.9915157, 23.72992 37.9918483, 23.730014 37.9922229, 23.7300176 37.9922375, 23.7300269 37.9922744)",,,,
97788477,97788471,9778847797788471,#N/A,0,10971763,TRUE,2,Ιουλιανού,secondary,FALSE,115.39399999999999,"LINESTRING (23.7311278 37.9913117, 23.7309901 37.9913335, 23.7302484 37.9914507, 23.7299657 37.9914953, 23.7299105 37.9915041, 23.7298367 37.9915157)",,,,
97788477,97788216,9778847797788216,#N/A,0,259806440,TRUE,2,Πατησίων,primary,FALSE,153.262,"LINESTRING (23.7311278 37.9913117, 23.7310888 37.9911537, 23.731043 37.9909682, 23.7309601 37.990633, 23.7308424 37.9901568, 23.7307935 37.9899588)",,,ΕΟ1,
97788586,6356544246,977885866356544246,#N/A,0,10971767,TRUE,,Κάνιγγος,residential,FALSE,60.25,"LINESTRING (23.7311561 37.9874088, 23.7311472 37.987374, 23.7311448 37.9873648, 23.7310243 37.986877)",,7,,
97788586,97788195,9778858697788195,#N/A,0,741721487,TRUE,1,Στουρνάρη,tertiary,FALSE,81.75699999999999,"LINESTRING (23.7311561 37.9874088, 23.7310173 37.9874297, 23.7303797 37.9875257, 23.7303747 37.9875265, 23.7302398 37.9875469)",,9,,
97788594,516020524,97788594516020524,#N/A,0,10971766,TRUE,2,Καποδιστρίου,secondary,FALSE,79.96799999999999,"LINESTRING (23.7308878 37.9863256, 23.7308245 37.9863357, 23.7300813 37.9864511, 23.7300436 37.9864554, 23.7299917 37.9864606)",,,,
97788594,3731648988,977885943731648988,#N/A,0,10971767,TRUE,,Κάνιγγος,residential,FALSE,58.457,"LINESTRING (23.7308878 37.9863256, 23.7308069 37.9859568, 23.7307876 37.9858922, 23.7307639 37.9858092)",,7,,
97788686,663798587,97788686663798587,#N/A,0,299257516,TRUE,,Τζωρτζ,residential,FALSE,55.179,"LINESTRING (23.7317478 37.9861764, 23.7316134 37.9856916)",,,,
97788686,97788594,9778868697788594,#N/A,0,10971766,TRUE,2,Καποδιστρίου,secondary,FALSE,77.17399999999999,"LINESTRING (23.7317478 37.9861764, 23.7309372 37.986317, 23.7308878 37.9863256)",,,,
97788769,97788848,9778876997788848,#N/A,0,601294007,TRUE,,Δεληγιάννη,residential,FALSE,41.748999999999995,"LINESTRING (23.7342533 37.9893935, 23.7346388 37.989334, 23.7347208 37.9893213)",,,,
97788848,97797086,9778884897797086,#N/A,0,10971776,TRUE,,Νοταρά,residential,FALSE,98.945,"LINESTRING (23.7347208 37.9893213, 23.7349494 37.9901927)",,6,,
97788848,97788855,9778884897788855,#N/A,0,601294007,TRUE,,Δεληγιάννη,residential,FALSE,41.265,"LINESTRING (23.7347208 37.9893213, 23.7351217 37.9892594, 23.7351829 37.98925)",,,,
97788855,97792969,9778885597792969,#N/A,0,601294004,TRUE,,Δεληγιάννη,residential,FALSE,38.275,"LINESTRING (23.7351829 37.98925, 23.7356115 37.9891838)",,,,
97792969,97792973,9779296997792973,#N/A,0,438352614,TRUE,,Δεληγιάννη,residential,FALSE,32.766,"LINESTRING (23.7356115 37.9891838, 23.7359784 37.9891271)",,,,
97792969,1303525204,977929691303525204,#N/A,0,438352615,TRUE,,Τσαμαδού,residential,FALSE,50.101,"LINESTRING (23.7356115 37.9891838, 23.7357192 37.9896263)",,4,,
97792973,359096435,97792973359096435,97792973359096435,0,188661340,FALSE,,Καλλιδρομίου,residential,FALSE,11.503,"LINESTRING (23.7359784 37.9891271, 23.7360856 37.9891868)",,,,
97797051,97797090,9779705197797090,#N/A,0,693488162,TRUE,,Μετσόβου,residential,FALSE,46.48,"LINESTRING (23.7338542 37.9903727, 23.733335 37.9904581)",,6,,
97797051,358464166,97797051358464166,#N/A,0,228109849,TRUE,,Μπουμπουλίνας,tertiary,FALSE,53.082,"LINESTRING (23.7338542 37.9903727, 23.7339198 37.9906355, 23.7339711 37.9908411)",,5,,
97797081,97788769,9779708197788769,#N/A,0,31985276,TRUE,,Ζαΐμη,residential,FALSE,99.442,"LINESTRING (23.7344657 37.990272, 23.7342533 37.9893935)",,6,,
97797081,97797051,9779708197797051,#N/A,0,693488162,TRUE,,Μετσόβου,residential,FALSE,54.745999999999995,"LINESTRING (23.7344657 37.990272, 23.7339111 37.9903634, 23.7338542 37.9903727)",,6,,
97797086,97797081,9779708697797081,#N/A,0,693488162,TRUE,,Μετσόβου,residential,FALSE,43.296,"LINESTRING (23.7349494 37.9901927, 23.7344657 37.990272)",,6,,
97797086,358464018,97797086358464018,#N/A,0,10971776,TRUE,,Νοταρά,residential,FALSE,100.692,"LINESTRING (23.7349494 37.9901927, 23.7351545 37.9910161, 23.7351706 37.9910813)",,6,,
97797090,97797197,9779709097797197,#N/A,0,10972565,TRUE,,Σαριπόλου,residential,FALSE,97.383,"LINESTRING (23.733335 37.9904581, 23.7331204 37.9895988)",,,,
97797090,97797093,9779709097797093,#N/A,0,693488162,TRUE,,Μετσόβου,residential,FALSE,46.327,"LINESTRING (23.733335 37.9904581, 23.7328175 37.9905432)",,6,,
97797093,97797186,9779709397797186,#N/A,0,10972563,TRUE,,Ρεθύμνου,residential,FALSE,50.819,"LINESTRING (23.7328175 37.9905432, 23.7327041 37.990095)",,6,,
97797093,97797098,9779709397797098,#N/A,0,693488162,TRUE,,Μετσόβου,residential,FALSE,65.672,"LINESTRING (23.7328175 37.9905432, 23.7321603 37.9906512, 23.7320839 37.9906638)",,6,,
97797098,97797102,9779709897797102,#N/A,0,693488162,TRUE,,Μετσόβου,residential,FALSE,83.147,"LINESTRING (23.7320839 37.9906638, 23.7311551 37.9908165)",,6,,
97797098,358464213,97797098358464213,#N/A,0,31985292,TRUE,1,Μαυροματαίων,secondary,FALSE,53.54,"LINESTRING (23.7320839 37.9906638, 23.7321872 37.9910812, 23.7322008 37.9911364)",,7,,
97797102,515962403,97797102515962403,#N/A,0,243850915,TRUE,2,Πατησίων,primary,FALSE,53.781000000000006,"LINESTRING (23.7311551 37.9908165, 23.731226 37.9910934, 23.7312353 37.9911296, 23.7312765 37.9912906)",,,ΕΟ1,
97797184,97797196,9779718497797196,#N/A,0,31985292,TRUE,1,Μαυροματαίων,secondary,FALSE,47.081,"LINESTRING (23.7318686 37.9897925, 23.7319713 37.9902081)",,7,,
97797184,97797191,9779718497797191,#N/A,0,"[741721488, 738028726]",TRUE,,Βασιλέως Ηρακλείου,tertiary,FALSE,65.22200000000001,"LINESTRING (23.7318686 37.9897925, 23.732338 37.9897198, 23.7325989 37.9896795)",,8,,
97797186,97797196,9779718697797196,9779718697797196,0,10972564,FALSE,,Κυβέλης,residential,FALSE,65.439,"LINESTRING (23.7327041 37.990095, 23.7319713 37.9902081)",,,,
97797186,97797191,9779718697797191,#N/A,0,10972563,TRUE,,Ρεθύμνου,residential,FALSE,47.112,"LINESTRING (23.7327041 37.990095, 23.7326226 37.9897732, 23.7325989 37.9896795)",,6,,
97797191,97797197,9779719197797197,#N/A,0,"[243850918, 738028726]",TRUE,,Βασιλέως Ηρακλείου,tertiary,FALSE,46.575,"LINESTRING (23.7325989 37.9896795, 23.7327836 37.9896509, 23.7331204 37.9895988)",,8,,
97797196,97797186,9779719697797186,9779719697797186,0,10972564,FALSE,,Κυβέλης,residential,TRUE,65.439,"LINESTRING (23.7319713 37.9902081, 23.7327041 37.990095)",,,,
97797196,97797098,9779719697797098,#N/A,0,31985292,TRUE,1,Μαυροματαίων,secondary,FALSE,51.623,"LINESTRING (23.7319713 37.9902081, 23.7320839 37.9906638)",,7,,
97797197,97788219,9779719797788219,#N/A,0,243850918,TRUE,,Βασιλέως Ηρακλείου,tertiary,FALSE,47.159,"LINESTRING (23.7331204 37.9895988, 23.7333833 37.9895582, 23.7335433 37.9895334, 23.7335861 37.989519, 23.7336336 37.9894893)",,8,,
97834703,97839373,9783470397839373,9783470397839373,0,48820562,FALSE,2,Λιοσίων,secondary,TRUE,16.698999999999998,"LINESTRING (23.7248781 37.9890808, 23.7249248 37.9890154, 23.7249715 37.9889499)",30,,,
97834761,8253823131,978347618253823131,#N/A,0,838111477,TRUE,2,Μάρνη,secondary,FALSE,11.855,"LINESTRING (23.7264514 37.9870356, 23.7263633 37.9869547)",,,,
97834765,95663524,9783476595663524,#N/A,0,10976009,TRUE,,Σωνιέρου,residential,FALSE,47.75,"LINESTRING (23.7248767 37.9877534, 23.7247626 37.9873335)",,,,
97834765,95663499,9783476595663499,9783476595663499,0,10976012,FALSE,,Βατσαξή,residential,FALSE,75.731,"LINESTRING (23.7248767 37.9877534, 23.7257222 37.9876127)",,,,
97834824,97834765,9783482497834765,#N/A,0,10976009,TRUE,,Σωνιέρου,residential,FALSE,47.71,"LINESTRING (23.724988 37.9881734, 23.7248767 37.9877534)",,,,
97834824,97834834,9783482497834834,#N/A,0,11031664,TRUE,,Κωσταντίνου Παλαιολόγου,residential,FALSE,66.841,"LINESTRING (23.724988 37.9881734, 23.7257326 37.9880432)",,,,
97834829,97834834,9783482997834834,#N/A,0,10741754,TRUE,2,Λιοσίων,secondary,FALSE,93.292,"LINESTRING (23.72514 37.98874, 23.7254272 37.9884163, 23.7254362 37.9884053, 23.7257326 37.9880432)",30,,,
97834829,97834824,9783482997834824,#N/A,0,10976009,TRUE,,Σωνιέρου,residential,FALSE,64.396,"LINESTRING (23.72514 37.98874, 23.725127 37.9886917, 23.7250341 37.9883452, 23.724988 37.9881734)",,,,
97834834,95663474,9783483495663474,#N/A,0,10741754,TRUE,2,Λιοσίων,secondary,FALSE,22.332,"LINESTRING (23.7257326 37.9880432, 23.7257798 37.9880007, 23.7258375 37.9879454, 23.7258952 37.9878886)",30,,,
97834909,633562896,97834909633562896,#N/A,0,11031664,TRUE,,Κωσταντίνου Παλαιολόγου,residential,FALSE,26.873,"LINESTRING (23.7239184 37.9883597, 23.7242178 37.9883075)",,,,
97834909,97839355,9783490997839355,#N/A,0,10976420,TRUE,,Ακομινάτου,residential,FALSE,48.004999999999995,"LINESTRING (23.7239184 37.9883597, 23.723953 37.9884781, 23.7240414 37.9887804)",,,,
97835127,97834909,9783512797834909,#N/A,0,10976420,TRUE,,Ακομινάτου,residential,FALSE,47.708,"LINESTRING (23.7237962 37.9879416, 23.7239184 37.9883597)",,,,
97839355,97839357,9783935597839357,#N/A,0,10976420,TRUE,,Ακομινάτου,residential,FALSE,12.631,"LINESTRING (23.7240414 37.9887804, 23.7240737 37.9888911)",,,,
97839357,97839373,9783935797839373,#N/A,0,10976427,TRUE,,Σαχίνη,residential,FALSE,79.163,"LINESTRING (23.7240737 37.9888911, 23.7247814 37.988916, 23.7249099 37.9889389, 23.7249715 37.9889499)",,,,
97839373,97834703,9783937397834703,9783937397834703,0,48820562,FALSE,2,Λιοσίων,secondary,FALSE,16.698999999999998,"LINESTRING (23.7249715 37.9889499, 23.7249248 37.9890154, 23.7248781 37.9890808)",30,,,
97839373,8212395769,978393738212395769,978393738212395769,0,48820562,FALSE,2,Λιοσίων,secondary,TRUE,9.792,"LINESTRING (23.7249715 37.9889499, 23.7250002 37.9889121, 23.7250288 37.9888743)",30,,,
97846089,97846098,9784608997846098,#N/A,0,10976970,TRUE,,Λυκούργου,residential,FALSE,48.996,"LINESTRING (23.7264693 37.9828872, 23.727019 37.982807)",,,,
98303817,95663502,9830381795663502,#N/A,0,1098831917,TRUE,1,Φαβιέρου,residential,FALSE,41.413999999999994,"LINESTRING (23.7245984 37.9867215, 23.725007 37.9866624, 23.7250632 37.9866543)",,8.9,,
250691664,250702474,250691664250702474,#N/A,0,"[225906203, 51249283, 225906204]",TRUE,1,Αρσάκη,residential,FALSE,117.66799999999999,"LINESTRING (23.7302053 37.9816631, 23.7303172 37.9816947, 23.7303352 37.9817042, 23.730767 37.981928, 23.7312271 37.9821731, 23.7313381 37.9822263)",,3,,
250691664,250691665,250691664250691665,#N/A,0,284241336,TRUE,3,Σταδίου,primary,FALSE,101.10200000000002,"LINESTRING (23.7302053 37.9816631, 23.7303944 37.9814678, 23.7304209 37.9814364, 23.7307126 37.9810895, 23.7307993 37.9809864, 23.7308116 37.9809717, 23.7308595 37.9809147)",,,ΕΟ1,
250691665,250691666,250691665250691666,#N/A,0,284241336,TRUE,3,Σταδίου,primary,FALSE,114.85000000000001,"LINESTRING (23.7308595 37.9809147, 23.73148 37.9801769, 23.7314913 37.9801635, 23.7315863 37.9800553)",,,ΕΟ1,
250691665,6376633339,2506916656376633339,#N/A,0,1098886968,TRUE,1,Πεσμαζόγλου,tertiary,FALSE,76.57400000000001,"LINESTRING (23.7308595 37.9809147, 23.7307835 37.9808751, 23.7302236 37.9805828, 23.7301904 37.9805789, 23.7301146 37.9805914)",,,,
250691666,250709582,250691666250709582,#N/A,0,52493742,TRUE,3,Σταδίου,primary,FALSE,91.842,"LINESTRING (23.7315863 37.9800553, 23.7317162 37.979896, 23.7319804 37.9795818, 23.7321624 37.9793654)",,,ΕΟ1,
250691668,250698924,250691668250698924,#N/A,0,23183271,TRUE,,Εδουάρδου Λω,residential,FALSE,119.49,"LINESTRING (23.7327189 37.9787013, 23.7336538 37.9792412, 23.733687 37.9792599, 23.73382 37.9793349)",,6,,
250691668,807999510,250691668807999510,#N/A,0,51249356,TRUE,,Χρήστου Λαδά,residential,FALSE,54.024,"LINESTRING (23.7327189 37.9787013, 23.7326408 37.978658, 23.7322178 37.9784184)",,,,
250691668,250691669,250691668250691669,#N/A,0,704293239,TRUE,3,Σταδίου,primary,FALSE,82.102,"LINESTRING (23.7327189 37.9787013, 23.7331314 37.978191, 23.7331607 37.9781547, 23.733224 37.9780795)",,,ΕΟ1,
250691669,250691670,250691669250691670,#N/A,0,299506410,TRUE,3,Σταδίου,primary,FALSE,78.13300000000001,"LINESTRING (23.733224 37.9780795, 23.7334356 37.9778312, 23.7334512 37.9778129, 23.7336461 37.9775975, 23.7336669 37.9775725, 23.7337272 37.9774996)",,,ΕΟ1,
250691670,250691723,250691670250691723,#N/A,0,"[23183808, 921453820]",TRUE,3,Αμερικής,tertiary,FALSE,120.25500000000001,"LINESTRING (23.7337272 37.9774996, 23.7337999 37.9775377, 23.7340637 37.9776738, 23.7340981 37.9776916, 23.7346859 37.977996, 23.7347453 37.9780268, 23.7347879 37.9780489, 23.7348738 37.9780935)",,,,
250691670,42240105,25069167042240105,#N/A,0,"[789798944, 207979572, 401608893]",TRUE,3,Σταδίου,primary,FALSE,164.564,"LINESTRING (23.7337272 37.9774996, 23.7340839 37.9770782, 23.7343545 37.9767585, 23.7343863 37.9767209, 23.734435 37.9766622, 23.7344574 37.9766165, 23.7344685 37.9765823, 23.7344673 37.9765445, 23.7344311 37.9764027, 23.7344138 37.9763347, 23.7344026 37.976291, 23.7343793 37.9761998)",,,ΕΟ1,
250691723,250691755,250691723250691755,#N/A,0,207979566,TRUE,2,Αμερικής,tertiary,FALSE,169.13099999999997,"LINESTRING (23.7348738 37.9780935, 23.7349831 37.9781499, 23.7351379 37.9782301, 23.7353279 37.9783285, 23.7359395 37.9786452, 23.7361586 37.9787586, 23.7363773 37.9788719, 23.7363911 37.978879, 23.7364867 37.9789285)",,,,
250691723,250691724,250691723250691724,#N/A,0,207979569,TRUE,5,Πανεπιστημίου,primary,FALSE,79.621,"LINESTRING (23.7348738 37.9780935, 23.7344379 37.978607, 23.7344107 37.978639, 23.7343686 37.9786886)",50,,,
250691724,250698924,250691724250698924,#N/A,0,207979569,TRUE,5,Πανεπιστημίου,primary,FALSE,86.467,"LINESTRING (23.7343686 37.9786886, 23.7339627 37.9791668, 23.73382 37.9793349)",50,,,
250691724,250691669,250691724250691669,#N/A,0,"[295081898, 299510530]",TRUE,,Ομήρου,residential,FALSE,121.07900000000001,"LINESTRING (23.7343686 37.9786886, 23.7342842 37.9786445, 23.7342382 37.9786162, 23.7336929 37.9783236, 23.7333584 37.9781441, 23.7333252 37.9781263, 23.733224 37.9780795)",,5,,
250691739,250691794,250691739250691794,#N/A,0,299644700,TRUE,4,Ακαδημίας,secondary,FALSE,49.807,"LINESTRING (23.7372101 37.978045, 23.7375028 37.9776989, 23.7375253 37.9776723)",,,,
250691741,300401174,250691741300401174,#N/A,0,734707701,TRUE,2,Σόλωνος,secondary,FALSE,48.165,"LINESTRING (23.7382559 37.9785906, 23.73796 37.9789556)",,,,
250691741,300401270,250691741300401270,#N/A,0,393398564,TRUE,,Βουκουρεστίου,residential,FALSE,56.717999999999996,"LINESTRING (23.7382559 37.9785906, 23.7382452 37.978585, 23.7377161 37.9783093)",,,,
250691753,10134034294,25069175310134034294,#N/A,0,734707701,TRUE,2,Σόλωνος,secondary,FALSE,82.287,"LINESTRING (23.73754 37.9794738, 23.7370606 37.9800652, 23.7370565 37.9800702, 23.7370345 37.9800974)",,,,
250691755,300401360,250691755300401360,#N/A,0,23182796,TRUE,2,Λυκαβηττού,tertiary,FALSE,55.287000000000006,"LINESTRING (23.7364867 37.9789285, 23.7365236 37.9789476, 23.7368166 37.9790994, 23.7370139 37.9792015)",,,,
250691755,250692359,250691755250692359,#N/A,0,299644700,TRUE,4,Ακαδημίας,secondary,FALSE,70.184,"LINESTRING (23.7364867 37.9789285, 23.7365012 37.978911, 23.7369241 37.9783998)",,,,
250691793,250692062,250691793250692062,#N/A,0,23182837,TRUE,,Πινδάρου,residential,FALSE,52.148,"LINESTRING (23.7376587 37.9775113, 23.7377084 37.9775376, 23.7381525 37.9777729)",,,,
250691793,6220792260,2506917936220792260,#N/A,0,299644700,TRUE,4,Ακαδημίας,secondary,FALSE,29.006,"LINESTRING (23.7376587 37.9775113, 23.7377737 37.9773717, 23.7378019 37.9773376, 23.7378391 37.9772926)",,,,
250691794,250691793,250691794250691793,#N/A,0,299644700,TRUE,4,Ακαδημίας,secondary,FALSE,21.382,"LINESTRING (23.7375253 37.9776723, 23.7376587 37.9775113)",,,,
250691827,3339821648,2506918273339821648,#N/A,0,167920360,TRUE,4,Πανεπιστημίου,primary,FALSE,42.937,"LINESTRING (23.7358438 37.9765, 23.7358752 37.9767127, 23.7358882 37.9768844)",50,,,
250691847,2511789008,2506918472511789008,#N/A,0,"[5656636, 624053070]",TRUE,3,"['Πανεπιστημίου', 'Βασιλίσσης Αμαλίας']",primary,FALSE,17.314,"LINESTRING (23.7357767 37.9759484, 23.7357859 37.9760241, 23.73579 37.9760578, 23.7357956 37.9761034)",30,,,
250691847,954712407,250691847954712407,#N/A,0,"[23182816, 909651171]",TRUE,1,Βασιλίσσης Σοφίας,primary_link,FALSE,37.937,"LINESTRING (23.7357767 37.9759484, 23.735835 37.9760118, 23.7358643 37.9760393, 23.7359137 37.9760822, 23.7359789 37.97612, 23.7360383 37.9761451, 23.7360978 37.9761678)",,,ΕΟ54,
250692062,250692063,250692062250692063,#N/A,0,23182837,TRUE,,Πινδάρου,residential,FALSE,56.586000000000006,"LINESTRING (23.7381525 37.9777729, 23.7386025 37.9780113, 23.7386759 37.9780502, 23.7386883 37.9780568)",,,,
250692063,250691741,250692063250691741,#N/A,0,734707701,TRUE,2,Σόλωνος,secondary,FALSE,70.424,"LINESTRING (23.7386883 37.9780568, 23.7382957 37.9785415, 23.7382779 37.9785634, 23.7382559 37.9785906)",,,,
250692359,300401271,250692359300401271,#N/A,0,23182843,TRUE,1,Δημοκρίτου,residential,FALSE,52.655,"LINESTRING (23.7369241 37.9783998, 23.7374206 37.9786664)",,,,
250692359,250691739,250692359250691739,#N/A,0,299644700,TRUE,4,Ακαδημίας,secondary,FALSE,46.753,"LINESTRING (23.7369241 37.9783998, 23.7369986 37.9783094, 23.737144 37.9781336, 23.7371551 37.9781201, 23.7372101 37.978045)",,,,
250692405,250692063,250692405250692063,#N/A,0,734707701,TRUE,2,Σόλωνος,secondary,FALSE,55.287,"LINESTRING (23.7390281 37.9776379, 23.7386883 37.9780568)",,,,
250698924,250698926,250698924250698926,#N/A,0,"[168914464, 167907746]",TRUE,"['4', '5']",Πανεπιστημίου,primary,FALSE,238.484,"LINESTRING (23.73382 37.9793349, 23.7334103 37.9798033, 23.7333775 37.9798408, 23.7332423 37.9799879, 23.7332158 37.9800167, 23.7330411 37.9802254, 23.7330067 37.9802647, 23.7329118 37.9803732, 23.7326551 37.9806755, 23.7323758 37.9810044, 23.732334 37.9810537, 23.7322884 37.9811074)",50,,,
250698926,250699982,250698926250699982,#N/A,0,704293238,TRUE,4,Πανεπιστημίου,primary,FALSE,51.279,"LINESTRING (23.7322884 37.9811074, 23.7321995 37.981212, 23.7319629 37.9814906)",50,,,
250699359,8446047162,2506993598446047162,#N/A,0,32015255,TRUE,2,Ασκληπιού,tertiary,FALSE,113.90500000000002,"LINESTRING (23.734332 37.9815409, 23.7343589 37.9815545, 23.7351719 37.9819671, 23.7353606 37.9820628, 23.7354054 37.9820853, 23.735425 37.9820951)",,,,
250699359,10174555843,25069935910174555843,#N/A,0,"[751068056, 167907737, 316770031]",TRUE,4,Ακαδημίας,secondary,FALSE,171.203,"LINESTRING (23.734332 37.9815409, 23.7344009 37.981452, 23.7344784 37.9813583, 23.7345745 37.9812419, 23.7346074 37.9812021, 23.73471 37.9810688, 23.7348787 37.980874, 23.7349141 37.9808312, 23.735283 37.9803849, 23.7353546 37.9802983, 23.735395 37.9802494)",40,,,
250699362,599116897,250699362599116897,#N/A,0,260124786,TRUE,2,Ακαδημίας,secondary,FALSE,61.63,"LINESTRING (23.7332314 37.9829088, 23.733269 37.9828629, 23.7336127 37.9824431)",,,,
250699362,250708641,250699362250708641,#N/A,0,260124787,TRUE,2,Χαριλάου Τρικούπη,tertiary,FALSE,112.553,"LINESTRING (23.7332314 37.9829088, 23.7333026 37.9829461, 23.7336882 37.9831445, 23.7342473 37.9834285, 23.7342965 37.9834553, 23.7343073 37.9834614)",30,,,
250699612,250709162,250699612250709162,250699612250709162,0,1248813142,FALSE,1,Πλατεία Κωστή Παλαμά,residential,FALSE,62.885,"LINESTRING (23.7338204 37.9818966, 23.7342104 37.9814219)",,,,
250699612,250698926,250699612250698926,#N/A,0,1058105332,TRUE,2,Ιπποκράτους,tertiary,FALSE,160.43800000000002,"LINESTRING (23.7338204 37.9818966, 23.7337299 37.9818514, 23.7334259 37.9816964, 23.73317 37.9815571, 23.7330237 37.9814796, 23.7329583 37.9814449, 23.7328704 37.9813979, 23.7327428 37.9813335, 23.7324799 37.9811976, 23.7324385 37.9811768, 23.7322884 37.9811074)",,,,
250699613,250699612,250699613250699612,#N/A,0,168914460,TRUE,2,Ιπποκράτους,tertiary,FALSE,17.644,"LINESTRING (23.7339908 37.9819811, 23.7338204 37.9818966)",,,,
250699613,250699359,250699613250699359,#N/A,0,168914459,TRUE,4,Ακαδημίας,secondary,FALSE,57.374,"LINESTRING (23.7339908 37.9819811, 23.7342236 37.9816873, 23.7342563 37.9816386, 23.7342821 37.9816053, 23.734332 37.9815409)",40,,,
250699711,250708641,250699711250708641,#N/A,0,259803255,TRUE,2,Σόλωνος,secondary,FALSE,61.903,"LINESTRING (23.7346918 37.9829944, 23.7343616 37.9833954, 23.7343478 37.9834122, 23.7343073 37.9834614)",,,,
250699711,250699973,250699711250699973,#N/A,0,634252646,TRUE,1,Μαυρομιχάλη,residential,FALSE,90.44399999999999,"LINESTRING (23.7346918 37.9829944, 23.7347064 37.9830018, 23.7355153 37.9834109, 23.7355592 37.983435)",,5,,
250699982,250691665,250699982250691665,#N/A,0,23183369,TRUE,1,Πεσμαζόγλου,tertiary,FALSE,115.988,"LINESTRING (23.7319629 37.9814906, 23.7318516 37.9814325, 23.7310745 37.9810269, 23.7309669 37.9809707, 23.7309514 37.9809627, 23.7308595 37.9809147)",,6,,
250699982,250699983,250699982250699983,#N/A,0,207891571,TRUE,4,Πανεπιστημίου,primary,FALSE,70.378,"LINESTRING (23.7319629 37.9814906, 23.731919 37.9815422, 23.73159 37.9819298, 23.7315609 37.981964, 23.7315163 37.9820166)",50,,,
250699983,250702474,250699983250702474,250699983250702474,0,168904430,FALSE,4,Πανεπιστημίου,primary,FALSE,28.065,"LINESTRING (23.7315163 37.9820166, 23.7313381 37.9822263)",50,,,
250699983,250699984,250699983250699984,#N/A,0,23183371,TRUE,2,Χαριλάου Τρικούπη,tertiary,FALSE,82.52699999999999,"LINESTRING (23.7315163 37.9820166, 23.7316283 37.9820738, 23.7318306 37.9821775, 23.7321909 37.9823624, 23.7323057 37.9824212)",30,,,
250699984,250708099,250699984250708099,#N/A,0,23183939,TRUE,,Φειδίου,residential,FALSE,49.814,"LINESTRING (23.7323057 37.9824212, 23.7319847 37.9827909)",,,,
250699984,250699362,250699984250699362,#N/A,0,23183371,TRUE,2,Χαριλάου Τρικούπη,tertiary,FALSE,97.581,"LINESTRING (23.7323057 37.9824212, 23.7328491 37.9827067, 23.7331183 37.9828491, 23.7331571 37.9828696, 23.7332314 37.9829088)",30,,,
250700083,250708099,250700083250708099,#N/A,0,23183940,TRUE,,Γεωργίου Γενναδίου,residential,FALSE,99.045,"LINESTRING (23.7329218 37.9832887, 23.732841 37.9832436, 23.7325512 37.9830904, 23.7321501 37.9828784, 23.7319847 37.9827909)",,3,,
250700083,250699362,250700083250699362,#N/A,0,52493436,TRUE,2,Ακαδημίας,secondary,FALSE,50.206999999999994,"LINESTRING (23.7329218 37.9832887, 23.7331673 37.9829871, 23.7331882 37.9829616, 23.7332314 37.9829088)",,,,
250700084,250700083,250700084250700083,#N/A,0,52493436,TRUE,2,Ακαδημίας,secondary,FALSE,115.003,"LINESTRING (23.7322095 37.9841573, 23.7324558 37.9838563, 23.732524 37.983773, 23.7326909 37.9835692, 23.7328544 37.9833694, 23.7328743 37.9833451, 23.7329218 37.9832887)",,,,
250700084,388172051,250700084388172051,#N/A,0,636473899,TRUE,1,Εμμανουήλ Μπενάκη,residential,FALSE,43.455,"LINESTRING (23.7322095 37.9841573, 23.7322373 37.9841722, 23.7322548 37.9841815, 23.7326199 37.9843766)",,4,,
250700085,250700084,250700085250700084,#N/A,0,52493436,TRUE,2,Ακαδημίας,secondary,FALSE,77.438,"LINESTRING (23.7317305 37.9847425, 23.7321212 37.9842652, 23.7321928 37.9841776, 23.7322095 37.9841573)",,,,
250700085,250707871,250700085250707871,#N/A,0,601303882,TRUE,,Θεμιστοκλέους,residential,FALSE,88.189,"LINESTRING (23.7317305 37.9847425, 23.73168 37.9847157, 23.7312203 37.984473, 23.7308945 37.9843011)",,,,
250700142,250700344,250700142250700344,#N/A,0,207971475,TRUE,3,Σταδίου,primary,FALSE,38.441,"LINESTRING (23.7291536 37.9829031, 23.7293886 37.9826112)",,,ΕΟ1,
250700248,250700343,250700248250700343,#N/A,0,636473899,TRUE,1,Εμμανουήλ Μπενάκη,residential,FALSE,79.297,"LINESTRING (23.7304891 37.9832261, 23.7305703 37.9832813, 23.7309775 37.9834989, 23.7312304 37.9836341)",,4,,
250700248,250714051,250700248250714051,#N/A,0,"[1101347640, 310790356, 702080078, 601303884]",TRUE,4,Πανεπιστημίου,primary,FALSE,132.073,"LINESTRING (23.7304891 37.9832261, 23.7303534 37.9833821, 23.7303289 37.983412, 23.7302408 37.9835196, 23.7301948 37.9835758, 23.7301287 37.9836541, 23.730077 37.9837153, 23.7300462 37.9837446, 23.7300193 37.9837667, 23.7299925 37.9837869, 23.7299604 37.9838079, 23.7299212 37.9838237, 23.7298932 37.983832, 23.7298448 37.983843, 23.7295445 37.9838894, 23.7294754 37.9839, 23.7293833 37.983919)",50,,,
250700339,250706959,250700339250706959,#N/A,0,601290889,TRUE,2,Σόλωνος,secondary,FALSE,76.849,"LINESTRING (23.7332879 37.9847331, 23.7328196 37.9853174)",,,,
250700339,364104830,250700339364104830,#N/A,0,636473899,TRUE,1,Εμμανουήλ Μπενάκη,residential,FALSE,66.702,"LINESTRING (23.7332879 37.9847331, 23.7332982 37.9847384, 23.7339253 37.9850609)",,4,,
250700341,250707871,250700341250707871,#N/A,0,23183931,TRUE,,Νικηταρά,residential,FALSE,89.512,"LINESTRING (23.7318096 37.9839436, 23.7308945 37.9843011)",,,,
250700341,250700084,250700341250700084,#N/A,0,636473899,TRUE,1,Εμμανουήλ Μπενάκη,residential,FALSE,42.343999999999994,"LINESTRING (23.7318096 37.9839436, 23.732091 37.984094, 23.7321365 37.9841183, 23.7322095 37.9841573)",,4,,
250700343,250708051,250700343250708051,#N/A,0,636473899,TRUE,1,Εμμανουήλ Μπενάκη,residential,FALSE,4.891,"LINESTRING (23.7312304 37.9836341, 23.7312812 37.9836523)",,4,,
250700344,250691664,250700344250691664,#N/A,0,207971475,TRUE,3,Σταδίου,primary,FALSE,127.439,"LINESTRING (23.7293886 37.9826112, 23.7299078 37.9820113, 23.7300066 37.9818879, 23.7301235 37.9817545, 23.7301633 37.9817101, 23.7301804 37.9816909, 23.7302053 37.9816631)",,,ΕΟ1,
250700344,250700248,250700344250700248,#N/A,0,636473899,TRUE,1,Εμμανουήλ Μπενάκη,residential,FALSE,118.28099999999998,"LINESTRING (23.7293886 37.9826112, 23.7294614 37.9826539, 23.7299847 37.9829605, 23.7301347 37.983033, 23.7302769 37.9831105, 23.7303166 37.9831321, 23.7304891 37.9832261)",,4,,
250702474,250699983,250702474250699983,250702474250699983,0,168904430,FALSE,4,Πανεπιστημίου,primary,TRUE,28.065,"LINESTRING (23.7313381 37.9822263, 23.7315163 37.9820166)",50,,,
250702474,250700248,250702474250700248,#N/A,0,284241337,TRUE,4,Πανεπιστημίου,primary,FALSE,133.777,"LINESTRING (23.7313381 37.9822263, 23.7313097 37.9822597, 23.7310169 37.9826046, 23.7309746 37.9826544, 23.7306433 37.9830445, 23.7305475 37.9831574, 23.7305314 37.9831763, 23.7304891 37.9832261)",50,,,
250706414,250691670,250706414250691670,#N/A,0,219362015,TRUE,1,Κολοκοτρώνη,residential,FALSE,80.438,"LINESTRING (23.732875 37.977355, 23.7331462 37.9773196, 23.733164 37.9773173, 23.7332469 37.9773155, 23.7333231 37.9773205, 23.7334044 37.9773456, 23.7336007 37.9774488, 23.733617 37.9774574, 23.7337272 37.9774996)",,,,
250706958,388172056,250706958388172056,#N/A,0,23183949,TRUE,,Ζωοδόχου Πηγής,residential,FALSE,35.547999999999995,"LINESTRING (23.7340111 37.9838309, 23.7339953 37.983822, 23.7336753 37.9836516)",,,,
250706958,388172075,250706958388172075,#N/A,0,601290889,TRUE,2,Σόλωνος,secondary,FALSE,87.07,"LINESTRING (23.7340111 37.9838309, 23.733819 37.9840706, 23.7335786 37.9843705, 23.7334805 37.9844929)",,,,
250706959,388172083,250706959388172083,#N/A,0,601303882,TRUE,,Θεμιστοκλέους,residential,FALSE,65.98400000000001,"LINESTRING (23.7328196 37.9853174, 23.7327828 37.985298, 23.7323173 37.985052, 23.7321942 37.984987)",,,,
250707871,250700343,250707871250700343,#N/A,0,"[601303882, 23183922]",TRUE,,"['Θεμιστοκλέους', 'Γαμβέτα']",residential,FALSE,97.841,"LINESTRING (23.7308945 37.9843011, 23.730707 37.9842021, 23.730942 37.9839447, 23.7310634 37.9838117, 23.7312304 37.9836341)",,,,
250708051,250700341,250708051250700341,#N/A,0,636473899,TRUE,1,Εμμανουήλ Μπενάκη,residential,FALSE,56.516000000000005,"LINESTRING (23.7312812 37.9836523, 23.7316885 37.9838789, 23.7318096 37.9839436)",,4,,
250708099,250708051,250708099250708051,#N/A,0,23183939,TRUE,,Φειδίου,residential,FALSE,113.912,"LINESTRING (23.7319847 37.9827909, 23.7319083 37.9828846, 23.7316281 37.9832284, 23.7312812 37.9836523)",,,,
250708522,364104825,250708522364104825,#N/A,0,23183949,TRUE,,Ζωοδόχου Πηγής,residential,FALSE,25.537,"LINESTRING (23.7348571 37.9842915, 23.7346288 37.9841488)",,,,
250708522,250708556,250708522250708556,#N/A,0,23183364,TRUE,,Ναυαρίνου,residential,FALSE,51.483999999999995,"LINESTRING (23.7348571 37.9842915, 23.7351509 37.9839534, 23.7351894 37.9839097)",,,,
250708556,250699973,250708556250699973,#N/A,0,636757315,TRUE,1,Ναυαρίνου,tertiary,FALSE,61.94,"LINESTRING (23.7351894 37.9839097, 23.7355592 37.983435)",,,,
250708641,250708556,250708641250708556,#N/A,0,601290888,TRUE,2,Χαριλάου Τρικούπη,tertiary,FALSE,91.99000000000001,"LINESTRING (23.7343073 37.9834614, 23.734326 37.983471, 23.7349073 37.9837699, 23.735142 37.9838862, 23.7351894 37.9839097)",30,,,
250708641,250706958,250708641250706958,#N/A,0,601290889,TRUE,2,Σόλωνος,secondary,FALSE,48.599999999999994,"LINESTRING (23.7343073 37.9834614, 23.7342541 37.9835278, 23.7340318 37.9838051, 23.7340262 37.9838121, 23.7340111 37.9838309)",,,,
250709162,250699359,250709162250699359,#N/A,0,749160929,TRUE,2,Ρήγα Φεραίου,tertiary,FALSE,16.99,"LINESTRING (23.7342104 37.9814219, 23.734332 37.9815409)",,,,
250709162,250699612,250709162250699612,250709162250699612,0,1248813142,FALSE,1,Πλατεία Κωστή Παλαμά,residential,TRUE,62.885,"LINESTRING (23.7342104 37.9814219, 23.7338204 37.9818966)",,,,
250709162,11271557478,25070916211271557478,25070916211271557478,0,"[1248813143, 23183967]",FALSE,1,Πλατεία Κωστή Παλαμά,residential,FALSE,166.641,"LINESTRING (23.7342104 37.9814219, 23.7342711 37.9813446, 23.734708 37.9808279, 23.7347693 37.9807557, 23.7352717 37.9801786)",,6,,
250709582,250691668,250709582250691668,#N/A,0,52493741,TRUE,3,Σταδίου,primary,FALSE,88.5,"LINESTRING (23.7321624 37.9793654, 23.7321994 37.9793224, 23.732239 37.9792743, 23.7326576 37.9787765, 23.7327189 37.9787013)",,,ΕΟ1,
250712701,250706959,250712701250706959,#N/A,0,32357785,TRUE,1,Θεμιστοκλέους,tertiary,FALSE,56.092,"LINESTRING (23.7333508 37.9855988, 23.732826 37.9853208, 23.7328196 37.9853174)",30,,,
250713331,97788855,25071333197788855,#N/A,0,601294001,TRUE,1,Σπύρου Τρικούπη,tertiary,FALSE,93.054,"LINESTRING (23.7353794 37.9900724, 23.7351829 37.98925)",,,,
250713331,569850326,250713331569850326,250713331569850326,0,1030692605,FALSE,1,Σπύρου Τρικούπη,tertiary,TRUE,5.408,"LINESTRING (23.7353794 37.9900724, 23.7353908 37.9901202)",,,,
250713539,250700085,250713539250700085,#N/A,0,52493436,TRUE,2,Ακαδημίας,secondary,FALSE,56.57599999999999,"LINESTRING (23.7313805 37.98517, 23.7314239 37.985117, 23.7314419 37.985096, 23.7314506 37.9850842, 23.731462 37.9850704, 23.7316335 37.984861, 23.7317129 37.9847639, 23.7317305 37.9847425)",,,,
250714050,95663422,25071405095663422,#N/A,0,32357772,TRUE,,Βερανζέρου,residential,FALSE,121.86900000000001,"LINESTRING (23.7297355 37.985374, 23.7296486 37.9853873, 23.7290869 37.9854736, 23.7285221 37.9855603, 23.7283706 37.9855836)",,6,,
250714050,250714051,250714050250714051,#N/A,0,168737311,TRUE,3,Πατησίων,primary,FALSE,164.707,"LINESTRING (23.7297355 37.985374, 23.7297279 37.9853422, 23.7296518 37.9850282, 23.7296039 37.9848301, 23.7295576 37.9846389, 23.7294916 37.9843664, 23.7294744 37.9842952, 23.7294279 37.9841031, 23.7294072 37.9840178, 23.7293833 37.983919)",,,ΕΟ1,
250714051,250700142,250714051250700142,#N/A,0,"[702080080, 32295709]",TRUE,2,Αιόλου,primary,FALSE,115.116,"LINESTRING (23.7293833 37.983919, 23.7293909 37.983805, 23.7292888 37.9834168, 23.7292018 37.9830862, 23.7291841 37.9830192, 23.7291536 37.9829031)",,,ΕΟ1,
250714051,262236447,250714051262236447,#N/A,0,"[24218743, 189063911]",TRUE,"['4', '5']","['Πανεπιστημίου', 'Πλατεία Ομονοίας']",primary,FALSE,124.426,"LINESTRING (23.7293833 37.983919, 23.7292179 37.9839433, 23.7289156 37.9839876, 23.728794 37.9840055, 23.7287336 37.9840122, 23.7286479 37.9840277, 23.7285954 37.984063, 23.7285601 37.9841135, 23.7285142 37.9842131, 23.7284529 37.984292, 23.7283723 37.9843526, 23.7283714 37.984353, 23.7282854 37.9843928, 23.7282236 37.9844092)",50,,ΕΟ8,
250714052,3731648988,2507140523731648988,#N/A,0,23182806,TRUE,2,Χαλκοκονδύλη,secondary,FALSE,79.48499999999999,"LINESTRING (23.7298764 37.9859556, 23.7299325 37.985943, 23.7299629 37.9859391, 23.7306122 37.9858359, 23.7306862 37.9858239, 23.7307639 37.9858092)",,,,
250714052,250714050,250714052250714050,#N/A,0,168737311,TRUE,3,Πατησίων,primary,FALSE,65.84,"LINESTRING (23.7298764 37.9859556, 23.7298478 37.9858376, 23.7298014 37.9856461, 23.7297552 37.9854553, 23.7297355 37.985374)",,,ΕΟ1,
250720871,7214467394,2507208717214467394,#N/A,0,250756985,TRUE,2,Σωκράτους,tertiary,FALSE,102.045,"LINESTRING (23.7268306 37.9843255, 23.7267348 37.9839327, 23.7266274 37.983495, 23.7266192 37.9834616, 23.7266101 37.9834244)",,,,
250720871,250720872,250720871250720872,#N/A,0,"[741087752, 775691204]",TRUE,3,Αγίου Κωνσταντίνου,primary,FALSE,113.729,"LINESTRING (23.7268306 37.9843255, 23.7261231 37.9844432, 23.7259397 37.9844737, 23.7256535 37.9845213, 23.7255873 37.9845323, 23.7255609 37.9845367)",50,,ΕΟ8,
250720872,250663746,250720872250663746,#N/A,0,741087756,TRUE,2,Μενάνδρου,tertiary,FALSE,99.205,"LINESTRING (23.7255609 37.9845367, 23.7252862 37.9836712)",,,,
250720872,250720873,250720872250720873,#N/A,0,286070634,TRUE,2,Αγίου Κωνσταντίνου,primary,FALSE,63.791,"LINESTRING (23.7255609 37.9845367, 23.7255244 37.9845428, 23.7254436 37.9845562, 23.7249249 37.9846425, 23.7248487 37.9846551)",50,,ΕΟ8,
250720873,95663389,25072087395663389,#N/A,0,24259066,TRUE,1,Κουμουνδούρου,residential,FALSE,96.274,"LINESTRING (23.7248487 37.9846551, 23.725043 37.9854696, 23.7250517 37.985506)",,3,,
250921080,95663389,25092108095663389,#N/A,0,10741731,TRUE,,Σατωβριάνδου,residential,FALSE,67.372,"LINESTRING (23.7242961 37.9856175, 23.7250517 37.985506)",,,,
250921080,635138660,250921080635138660,#N/A,0,23199947,TRUE,1,Νικηφόρου,residential,FALSE,40.06,"LINESTRING (23.7242961 37.9856175, 23.724206 37.9852643)",,6,,
262236447,250720871,262236447250720871,#N/A,0,"[23184691, 168725549]",TRUE,3,"['Αγίου Κωνσταντίνου', 'Πλατεία Ομονοίας']",primary,FALSE,128.648,"LINESTRING (23.7282236 37.9844092, 23.7280857 37.9844122, 23.7279291 37.9843929, 23.7278234 37.9843582, 23.7277557 37.9843261, 23.7276959 37.9842902, 23.7276403 37.9842574, 23.7275809 37.9842317, 23.7275282 37.9842204, 23.7275102 37.9842212, 23.7274395 37.9842258, 23.7274138 37.9842285, 23.727229 37.9842593, 23.7270624 37.984287, 23.7269111 37.9843121, 23.7268706 37.9843188, 23.7268306 37.9843255)",50,,ΕΟ8,
262236447,95663423,26223644795663423,#N/A,0,"[977757273, 10741733]",TRUE,3,3ης Σεπτεμβρίου,primary,FALSE,72.624,"LINESTRING (23.7282236 37.9844092, 23.7281642 37.9844766, 23.7281465 37.9845076, 23.7281366 37.9845403, 23.7281335 37.984577, 23.7281354 37.9846107, 23.728142 37.984648, 23.7282093 37.9849443, 23.7282197 37.984984, 23.7282265 37.9850099, 23.7282335 37.9850366)",,,,
300398465,962356671,300398465962356671,#N/A,0,85392263,TRUE,1,Χαλκοκονδύλη,secondary,FALSE,29.792,"LINESTRING (23.7273229 37.9863298, 23.7269891 37.9863805)",,,,
300398465,95663420,30039846595663420,#N/A,0,"[32245113, 1281329746]",TRUE,2,Χαλκοκονδύλη,primary,FALSE,106.178,"LINESTRING (23.7273229 37.9863298, 23.7274273 37.9863146, 23.7277642 37.9862656, 23.7281695 37.9862066, 23.7283591 37.986179, 23.7284063 37.9861721, 23.7285143 37.9861564)",,,,
300398465,95663385,30039846595663385,#N/A,0,"[10976960, 972965169]",TRUE,2,Σωκράτους,tertiary,FALSE,63.885999999999996,"LINESTRING (23.7273229 37.9863298, 23.7272642 37.9860902, 23.7272061 37.9858533, 23.7272044 37.9858464, 23.7271846 37.9857657)",,,,
300400248,8446047162,3004002488446047162,#N/A,0,299510181,TRUE,2,Σόλωνος,secondary,FALSE,106.826,"LINESTRING (23.7360784 37.9812841, 23.7354542 37.9820589, 23.7354338 37.9820842, 23.735425 37.9820951)",,,,
300400470,250691755,300400470250691755,#N/A,0,299510529,TRUE,4,Ακαδημίας,secondary,FALSE,80.53699999999999,"LINESTRING (23.7359852 37.9795354, 23.7362987 37.9791562, 23.7364376 37.9789881, 23.7364676 37.9789518, 23.7364867 37.9789285)",,,,
300400470,653971685,300400470653971685,#N/A,0,299510530,TRUE,,Ομήρου,residential,FALSE,57.838,"LINESTRING (23.7359852 37.9795354, 23.7359224 37.9795022, 23.7354357 37.9792474)",,5,,
300401174,250691753,300401174250691753,#N/A,0,734707701,TRUE,2,Σόλωνος,secondary,FALSE,68.37599999999999,"LINESTRING (23.73796 37.9789556, 23.7375548 37.9794555, 23.73754 37.9794738)",,,,
300401270,250692062,300401270250692062,#N/A,0,23182838,TRUE,,Σούτσου Αλ.,residential,FALSE,70.856,"LINESTRING (23.7377161 37.9783093, 23.7381525 37.9777729)",,,,
300401270,250691739,300401270250691739,#N/A,0,393398564,TRUE,,Βουκουρεστίου,residential,FALSE,53.204,"LINESTRING (23.7377161 37.9783093, 23.7372814 37.9780823, 23.7372502 37.9780659, 23.7372101 37.978045)",,,,
300401271,300401270,300401271300401270,#N/A,0,23182838,TRUE,,Σούτσου Αλ.,residential,FALSE,47.408,"LINESTRING (23.7374206 37.9786664, 23.7377161 37.9783093)",,,,
300401271,300401174,300401271300401174,#N/A,0,23182843,TRUE,1,Δημοκρίτου,residential,FALSE,57.181,"LINESTRING (23.7374206 37.9786664, 23.7378932 37.9789203, 23.7379509 37.97895, 23.73796 37.9789556)",,,,
300401360,250691753,300401360250691753,#N/A,0,23182796,TRUE,2,Λυκαβηττού,tertiary,FALSE,55.164,"LINESTRING (23.7370139 37.9792015, 23.7373742 37.9793881, 23.7375319 37.9794696, 23.73754 37.9794738)",,,,
300401360,300401271,300401360300401271,#N/A,0,23182838,TRUE,,Σούτσου Αλ.,residential,FALSE,69.36099999999999,"LINESTRING (23.7370139 37.9792015, 23.7370261 37.9791854, 23.7374206 37.9786664)",,,,
358464012,569850326,358464012569850326,#N/A,0,10971782,TRUE,1,Σπύρου Τρικούπη,tertiary,FALSE,101.086,"LINESTRING (23.7356042 37.9910136, 23.7355915 37.9909603, 23.7354983 37.9905701, 23.7353908 37.9901202)",,5,,
358464018,358464012,358464018358464012,#N/A,0,249697226,TRUE,3,Αλεξάνδρας,primary,FALSE,38.737,"LINESTRING (23.7351706 37.9910813, 23.7353893 37.9910471, 23.7354176 37.9910427, 23.7356042 37.9910136)",50,,,
358464027,358464018,358464027358464018,#N/A,0,249697226,TRUE,3,Αλεξάνδρας,primary,FALSE,43.848,"LINESTRING (23.73468 37.9911588, 23.7351706 37.9910813)",50,,,
358464027,358464159,358464027358464159,#N/A,0,31985276,TRUE,,Ζαΐμη,residential,FALSE,47.45,"LINESTRING (23.73468 37.9911588, 23.7346189 37.9909059, 23.7345787 37.9907396)",,6,,
358464040,625958232,358464040625958232,#N/A,0,49285974,TRUE,,Μπουμπουλίνας,tertiary,FALSE,9.712,"LINESTRING (23.7340774 37.9912669, 23.7340988 37.9913526)",,9,,
358464040,358464027,358464040358464027,#N/A,0,878082499,TRUE,3,Αλεξάνδρας,primary,FALSE,54.161,"LINESTRING (23.7340774 37.9912669, 23.734145 37.9912563, 23.73468 37.9911588)",50,,,
358464049,358464174,358464049358464174,#N/A,0,10972563,TRUE,,Ρεθύμνου,residential,FALSE,46.84,"LINESTRING (23.7330412 37.9914268, 23.7329366 37.9910137)",,6,,
358464049,358464040,358464049358464040,#N/A,0,163711426,TRUE,3,Αλεξάνδρας,primary,FALSE,92.53,"LINESTRING (23.7330412 37.9914268, 23.73374 37.991319, 23.7339923 37.99128, 23.7340774 37.9912669)",50,,,
358464159,97797081,35846415997797081,#N/A,0,31985276,TRUE,,Ζαΐμη,residential,FALSE,52.93,"LINESTRING (23.7345787 37.9907396, 23.7344762 37.9903158, 23.7344657 37.990272)",,6,,
358464166,358464040,358464166358464040,#N/A,0,228109849,TRUE,,Μπουμπουλίνας,tertiary,FALSE,48.254,"LINESTRING (23.7339711 37.9908411, 23.7340588 37.9911924, 23.734062 37.9912054, 23.7340774 37.9912669)",,5,,
358464166,358464159,358464166358464159,#N/A,0,712030313,TRUE,,Ιουλιανού,residential,FALSE,54.429,"LINESTRING (23.7339711 37.9908411, 23.7345463 37.9907451, 23.7345787 37.9907396)",,,,
358464174,97797093,35846417497797093,#N/A,0,10972563,TRUE,,Ρεθύμνου,residential,FALSE,53.348,"LINESTRING (23.7329366 37.9910137, 23.7328323 37.9906015, 23.7328175 37.9905432)",,6,,
358464174,358464166,358464174358464166,#N/A,0,712030313,TRUE,,Ιουλιανού,residential,FALSE,92.666,"LINESTRING (23.7329366 37.9910137, 23.7339321 37.9908476, 23.7339711 37.9908411)",,,,
358464177,2878357812,3584641772878357812,#N/A,0,82619469,TRUE,1,Μαυροματαίων,secondary,FALSE,36.760999999999996,"LINESTRING (23.7323822 37.9916285, 23.7324222 37.9917532, 23.7324856 37.9919489)",,,,
358464177,516020362,358464177516020362,#N/A,0,1050850176,TRUE,4,Αλεξάνδρας,primary,FALSE,47.907000000000004,"LINESTRING (23.7323822 37.9916285, 23.7322923 37.9916438, 23.7318478 37.9917193)",50,,,
358464212,358464177,358464212358464177,#N/A,0,400829835,TRUE,1,Μαυροματαίων,secondary,FALSE,11.937,"LINESTRING (23.732304 37.9915406, 23.7323822 37.9916285)",,,,
358464212,358464049,358464212358464049,#N/A,0,163711426,TRUE,3,Αλεξάνδρας,primary,FALSE,65.831,"LINESTRING (23.732304 37.9915406, 23.7324531 37.9915176, 23.7330412 37.9914268)",50,,,
358464213,358464174,358464213358464174,#N/A,0,712030313,TRUE,,Ιουλιανού,residential,FALSE,65.908,"LINESTRING (23.7322008 37.9911364, 23.7329366 37.9910137)",,,,
358464213,358464212,358464213358464212,#N/A,0,"[1050850177, 834694426]",TRUE,1,Μαυροματαίων,secondary,FALSE,45.848,"LINESTRING (23.7322008 37.9911364, 23.7322783 37.9914499, 23.73229 37.9914912, 23.732304 37.9915406)",,,,
358465186,358465410,358465186358465410,#N/A,0,31985440,TRUE,,Φερών,residential,FALSE,115.432,"LINESTRING (23.7313195 37.9920746, 23.7301302 37.9922584, 23.7300958 37.9922637, 23.7300269 37.9922744)",,7,,
358465186,6910572379,3584651866910572379,#N/A,0,390115233,TRUE,5,Πατησίων,primary,FALSE,28.927,"LINESTRING (23.7313195 37.9920746, 23.7312914 37.991959, 23.7312829 37.9919238, 23.7312574 37.9918191)",,,ΕΟ1,
358465410,635122963,358465410635122963,#N/A,0,222941079,TRUE,2,3ης Σεπτεμβρίου,secondary,FALSE,45.282,"LINESTRING (23.7300269 37.9922744, 23.7301271 37.9926739)",,,,
358465904,635126478,358465904635126478,#N/A,0,31985512,TRUE,,Αλιτσης,residential,FALSE,108.049,"LINESTRING (23.7287445 37.9902757, 23.7289639 37.9912319)",,,,
358465904,95663394,35846590495663394,#N/A,0,249412138,TRUE,1,Ηπείρου,secondary,FALSE,69.213,"LINESTRING (23.7287445 37.9902757, 23.7293964 37.9901749, 23.7294411 37.990168, 23.7295195 37.9901558)",,,,
359096435,97792973,35909643597792973,35909643597792973,0,188661340,FALSE,,Καλλιδρομίου,residential,TRUE,11.503,"LINESTRING (23.7360856 37.9891868, 23.7359784 37.9891271)",,,,
359096435,1303525204,3590964351303525204,#N/A,0,444374147,TRUE,,Καλλιδρομίου,residential,FALSE,58.475,"LINESTRING (23.7360856 37.9891868, 23.7357192 37.9896263)",,6,,
363357735,250714051,363357735250714051,#N/A,0,"[32295538, 664520290, 702080079]",TRUE,2,Αιόλου,primary,FALSE,106.121,"LINESTRING (23.7288925 37.9832153, 23.7289702 37.9831857, 23.7289946 37.9831763, 23.7290384 37.9831698, 23.7290846 37.9831795, 23.7291275 37.9832049, 23.7291546 37.9832463, 23.7292751 37.9837147, 23.7292917 37.9837794, 23.7293021 37.98382, 23.7293833 37.983919)",,,ΕΟ1,
363357735,250700142,363357735250700142,#N/A,0,189063912,TRUE,3,Σταδίου,primary,FALSE,41.579,"LINESTRING (23.7288925 37.9832153, 23.7290135 37.9830706, 23.7290679 37.9830056, 23.7291536 37.9829031)",,,,
364104825,250706958,364104825250706958,#N/A,0,23183949,TRUE,,Ζωοδόχου Πηγής,residential,FALSE,64.89800000000001,"LINESTRING (23.7346288 37.9841488, 23.7341912 37.9839515, 23.7340904 37.9838837, 23.7340256 37.9838414, 23.7340111 37.9838309)",,,,
364104825,364104830,364104825364104830,#N/A,0,32344454,TRUE,,Κωλέττη,residential,FALSE,118.70700000000001,"LINESTRING (23.7346288 37.9841488, 23.7343332 37.9845169, 23.7340626 37.984875, 23.7339662 37.9850077, 23.7339253 37.9850609)",,,,
364104830,250712701,364104830250712701,#N/A,0,684675758,TRUE,,Κωλέττη,residential,FALSE,78.183,"LINESTRING (23.7339253 37.9850609, 23.7333508 37.9855988)",30,,,
388172051,388172082,388172051388172082,#N/A,0,636473899,TRUE,1,Εμμανουήλ Μπενάκη,residential,FALSE,49.652,"LINESTRING (23.7326199 37.9843766, 23.7330888 37.9846272)",,4,,
388172055,388172051,388172055388172051,#N/A,0,33878737,TRUE,,Ζαλόγγου,residential,FALSE,59.96,"LINESTRING (23.7331594 37.984045, 23.7326199 37.9843766)",,,,
388172055,388172075,388172055388172075,#N/A,0,33878745,TRUE,,Σουλίου,residential,FALSE,57.205,"LINESTRING (23.7331594 37.984045, 23.7334805 37.9844929)",,,,
388172056,250700083,388172056250700083,#N/A,0,23183949,TRUE,,Ζωοδόχου Πηγής,residential,FALSE,77.404,"LINESTRING (23.7336753 37.9836516, 23.7333047 37.983473, 23.733047 37.9833455, 23.7329695 37.9833122, 23.7329218 37.9832887)",,,,
388172056,388172055,388172056388172055,#N/A,0,33878737,TRUE,,Ζαλόγγου,residential,FALSE,62.965999999999994,"LINESTRING (23.7336753 37.9836516, 23.733426 37.983858, 23.7331594 37.984045)",,,,
388172075,4464395361,3881720754464395361,3881720754464395361,0,449488830,FALSE,,Σουλίου,residential,FALSE,29.048000000000002,"LINESTRING (23.7334805 37.9844929, 23.7334889 37.9845032, 23.73366 37.9847125)",,,,
388172075,250700339,388172075250700339,#N/A,0,601290889,TRUE,2,Σόλωνος,secondary,FALSE,31.595999999999997,"LINESTRING (23.7334805 37.9844929, 23.7333468 37.9846596, 23.7332879 37.9847331)",,,,
388172082,388172083,388172082388172083,#N/A,0,33878747,TRUE,,Γραβιάς,residential,FALSE,88.266,"LINESTRING (23.7330888 37.9846272, 23.7322392 37.9849531, 23.7321942 37.984987)",,,,
388172082,250700339,388172082250700339,#N/A,0,636473899,TRUE,1,Εμμανουήλ Μπενάκη,residential,FALSE,21.052,"LINESTRING (23.7330888 37.9846272, 23.7332316 37.9847035, 23.7332595 37.9847177, 23.7332879 37.9847331)",,4,,
388172083,250700085,388172083250700085,#N/A,0,601303882,TRUE,,Θεμιστοκλέους,residential,FALSE,48.895,"LINESTRING (23.7321942 37.984987, 23.731847 37.9848036, 23.7317854 37.9847713, 23.7317305 37.9847425)",,,,
515962403,4056070360,5159624034056070360,#N/A,0,41806625,TRUE,2,,primary_link,FALSE,68.262,"LINESTRING (23.7312765 37.9912906, 23.73134 37.9913482, 23.7315763 37.9914468, 23.7316024 37.9914571, 23.7319461 37.9915948)",,,,
515962403,5921003579,5159624035921003579,#N/A,0,163711428,TRUE,3,Πατησίων,primary,FALSE,44.288,"LINESTRING (23.7312765 37.9912906, 23.7313553 37.9915854, 23.731379 37.9916806)",,,ΕΟ1,
515962403,358464213,515962403358464213,#N/A,0,"[1050850178, 1050850174]",TRUE,,Ιουλιανού,residential,FALSE,82.79400000000001,"LINESTRING (23.7312765 37.9912906, 23.7320746 37.9911575, 23.7322008 37.9911364)",,6,,
516020343,516020349,516020343516020349,#N/A,0,41806621,TRUE,1,,secondary_link,FALSE,74.44500000000001,"LINESTRING (23.7329792 37.9915271, 23.7327767 37.9917861, 23.7325888 37.9920265, 23.7325336 37.9920971)",,,,
516020343,358464177,516020343358464177,#N/A,0,299888949,TRUE,4,Αλεξάνδρας,primary,FALSE,53.51800000000001,"LINESTRING (23.7329792 37.9915271, 23.7325307 37.9916033, 23.7324808 37.9916118, 23.7323822 37.9916285)",50,,,
516020349,358465943,516020349358465943,#N/A,0,299888948,TRUE,3,Μαυροματαίων,secondary,FALSE,67.035,"LINESTRING (23.7325336 37.9920971, 23.7326721 37.99269)",,,,
516020362,8207556731,5160203628207556731,#N/A,0,41806623,TRUE,1,,primary_link,FALSE,54.372,"LINESTRING (23.7318478 37.9917193, 23.7317298 37.9918575, 23.7316773 37.9919116, 23.7316216 37.991969, 23.7316072 37.9919838, 23.7316005 37.9919912, 23.7314787 37.992112)",,,,
516020362,5581434217,5160203625581434217,#N/A,0,163711425,TRUE,4,Αλεξάνδρας,primary,FALSE,39.512,"LINESTRING (23.7318478 37.9917193, 23.7315575 37.9917687, 23.7314517 37.9917898, 23.7314073 37.9917942)",50,,,
516020524,962356679,516020524962356679,#N/A,0,10741747,TRUE,2,Καποδιστρίου,primary,FALSE,120.46700000000001,"LINESTRING (23.7299917 37.9864606, 23.7298442 37.9864882, 23.7287446 37.9866594, 23.7286444 37.986675)",,,,
516020524,250714052,516020524250714052,#N/A,0,311408820,TRUE,3,Πατησίων,primary,FALSE,57.05499999999999,"LINESTRING (23.7299917 37.9864606, 23.7299521 37.9862869, 23.7299157 37.9861277, 23.7298764 37.9859556)",,,ΕΟ1,
569850326,97797086,56985032697797086,#N/A,0,693488162,TRUE,,Μετσόβου,residential,FALSE,39.513,"LINESTRING (23.7353908 37.9901202, 23.7349494 37.9901927)",,6,,
569850326,250713331,569850326250713331,569850326250713331,0,1030692605,FALSE,1,Σπύρου Τρικούπη,tertiary,FALSE,5.408,"LINESTRING (23.7353908 37.9901202, 23.7353794 37.9900724)",,,,
597677303,97788202,59767730397788202,#N/A,0,295083397,TRUE,2,Μάρνη,primary,FALSE,17.141,"LINESTRING (23.7306793 37.9894966, 23.7308398 37.9895847)",,,,
597677303,961530639,597677303961530639,#N/A,0,295083396,TRUE,2,Πατησίων,primary,FALSE,33.724000000000004,"LINESTRING (23.7306793 37.9894966, 23.730637 37.9893252, 23.7306058 37.9891989)",,,ΕΟ1,
599116897,250699613,599116897250699613,#N/A,0,260124786,TRUE,2,Ακαδημίας,secondary,FALSE,61.13399999999999,"LINESTRING (23.7336127 37.9824431, 23.7336959 37.9823414, 23.7339141 37.9820748, 23.7339787 37.9819953, 23.7339908 37.9819811)",,,,
599116897,250699711,599116897250699711,#N/A,0,634252646,TRUE,1,Μαυρομιχάλη,residential,FALSE,112.70700000000001,"LINESTRING (23.7336127 37.9824431, 23.7336794 37.982477, 23.7346432 37.9829707, 23.7346798 37.9829886, 23.7346918 37.9829944)",,5,,
625958232,516020343,625958232516020343,#N/A,0,299888950,TRUE,3,Αλεξάνδρας,primary,FALSE,100.015,"LINESTRING (23.7340988 37.9913526, 23.7331023 37.9915073, 23.7329792 37.9915271)",50,,,
631608665,358464012,631608665358464012,#N/A,0,194636586,TRUE,1,Σπύρου Τρικούπη,tertiary,FALSE,11.327,"LINESTRING (23.7356301 37.9911134, 23.7356042 37.9910136)",,,,
631608665,625958232,631608665625958232,#N/A,0,207979571,TRUE,3,Αλεξάνδρας,primary,FALSE,136.803,"LINESTRING (23.7356301 37.9911134, 23.7354392 37.9911432, 23.7342107 37.9913351, 23.7341569 37.9913435, 23.7340988 37.9913526)",50,,,
633562896,97834824,63356289697834824,#N/A,0,11031664,TRUE,,Κωσταντίνου Παλαιολόγου,residential,FALSE,69.125,"LINESTRING (23.7242178 37.9883075, 23.724988 37.9881734)",,,,
633562897,633562896,633562897633562896,#N/A,0,49864482,TRUE,,Ταρελλά,residential,FALSE,97.785,"LINESTRING (23.724221 37.9874281, 23.7242178 37.9883075)",,,,
633562897,7248584892,6335628977248584892,#N/A,0,776858693,TRUE,,Μαιζώνος,residential,FALSE,48.706,"LINESTRING (23.724221 37.9874281, 23.7236788 37.9875243)",30,,,
633562902,95663419,63356290295663419,#N/A,0,1098831917,TRUE,1,Φαβιέρου,residential,FALSE,44.401,"LINESTRING (23.7229805 37.9869554, 23.7234134 37.9868928, 23.7234789 37.9868837)",,8.9,,
635122963,635122964,635122963635122964,#N/A,0,50003888,TRUE,1,Γκυιλφόρδου,residential,FALSE,115.388,"LINESTRING (23.7301271 37.9926739, 23.7301933 37.9926637, 23.7313004 37.9924925, 23.7314192 37.9924741)",,5,,
635122963,635122988,635122963635122988,#N/A,0,222941079,TRUE,2,3ης Σεπτεμβρίου,secondary,FALSE,12.568999999999999,"LINESTRING (23.7301271 37.9926739, 23.7301431 37.9927376, 23.7301518 37.9927852)",,,,
635122964,358465186,635122964358465186,#N/A,0,661184019,TRUE,3,Πατησίων,primary,FALSE,45.273,"LINESTRING (23.7314192 37.9924741, 23.7313195 37.9920746)",,,ΕΟ1,
635126478,358465939,635126478358465939,#N/A,0,31985512,TRUE,,Αλιτσης,residential,FALSE,45.983,"LINESTRING (23.7289639 37.9912319, 23.7290485 37.991597, 23.7290582 37.9916387)",,,,
635126478,635126483,635126478635126483,#N/A,0,50004120,TRUE,,Τρικόρφων,residential,FALSE,69.68199999999999,"LINESTRING (23.7289639 37.9912319, 23.7296952 37.9911666, 23.729754 37.9911613)",,,,
635126483,97788471,63512648397788471,#N/A,0,207971478,TRUE,2,3ης Σεπτεμβρίου,secondary,FALSE,40.06799999999999,"LINESTRING (23.729754 37.9911613, 23.7298234 37.991459, 23.7298268 37.9914738, 23.7298367 37.9915157)",,,,
635132981,635132991,635132981635132991,#N/A,0,50004617,TRUE,,Πλατεία Μαυροκορδάτου,primary_link,FALSE,26.718,"LINESTRING (23.7267009 37.9885834, 23.7264599 37.9886181, 23.726401 37.9886266)",,,,
635132991,95663474,63513299195663474,#N/A,0,10741760,TRUE,1,Μάγερ,primary,FALSE,93.268,"LINESTRING (23.726401 37.9886266, 23.7262072 37.9883438, 23.7259836 37.9880176, 23.72596 37.9879832, 23.7258952 37.9878886)",,,,
635442926,250713331,635442926250713331,#N/A,0,444374147,TRUE,,Καλλιδρομίου,residential,FALSE,49.37,"LINESTRING (23.7356693 37.9896917, 23.7353794 37.9900724)",,6,,
653971685,653971690,653971685653971690,#N/A,0,51249393,TRUE,,Βησσαρίωνος,residential,FALSE,92.205,"LINESTRING (23.7354357 37.9792474, 23.7348434 37.9799327)",,,,
653971685,250691724,653971685250691724,#N/A,0,299510530,TRUE,,Ομήρου,residential,FALSE,112.28800000000001,"LINESTRING (23.7354357 37.9792474, 23.7346781 37.9788507, 23.7344641 37.9787387, 23.7343686 37.9786886)",,5,,
653971690,250698924,653971690250698924,#N/A,0,327261701,TRUE,,Σίνα,residential,FALSE,111.658,"LINESTRING (23.7348434 37.9799327, 23.7344672 37.9797196, 23.7339649 37.9794225, 23.7339337 37.9794016, 23.73382 37.9793349)",,7,,
663798587,250713539,663798587250713539,#N/A,0,"[308262388, 10971765]",TRUE,,Τζωρτζ,residential,FALSE,63.28,"LINESTRING (23.7316134 37.9856916, 23.7315809 37.9856665, 23.7315152 37.9856161, 23.7314776 37.9855304, 23.7314443 37.9853822, 23.7314254 37.9853038, 23.7314181 37.9852414, 23.7313805 37.98517)",,,,
688786344,962356738,688786344962356738,#N/A,0,50004618,TRUE,1,,primary_link,FALSE,30.329,"LINESTRING (23.7269458 37.9870356, 23.7269383 37.9871249, 23.7269427 37.9871698, 23.7269696 37.987231, 23.72701 37.9872972)",,,,
688786344,962356785,688786344962356785,#N/A,0,222897513,TRUE,1,Καποδιστρίου,primary,FALSE,19.895,"LINESTRING (23.7269458 37.9870356, 23.7268851 37.9870997, 23.7268501 37.9871309, 23.7268008 37.987173)",,,,
807999510,7127124359,8079995107127124359,#N/A,0,51249356,TRUE,,Χρήστου Λαδά,residential,FALSE,21.689,"LINESTRING (23.7322178 37.9784184, 23.7320061 37.9783174)",,,,
844627879,95663418,84462787995663418,84462787995663418,0,10976435,FALSE,4,Μάρνη,secondary,FALSE,51.122,"LINESTRING (23.7252346 37.9862947, 23.7257031 37.9865686)",,,,
844627879,95663375,84462787995663375,84462787995663375,0,10976435,FALSE,4,Μάρνη,secondary,TRUE,33.934,"LINESTRING (23.7252346 37.9862947, 23.7251001 37.9862161, 23.725086 37.9862079, 23.7249236 37.9861129)",,,,
954712407,2511789008,9547124072511789008,#N/A,0,"[87082472, 5728492]",TRUE,3,Βασιλίσσης Σοφίας,primary_link,FALSE,28.294999999999998,"LINESTRING (23.7360978 37.9761678, 23.7359932 37.9761716, 23.73597 37.9761711, 23.7359351 37.9761621, 23.735903 37.9761473, 23.7357956 37.9761034)",30,,ΕΟ54,
954712407,6220792258,9547124076220792258,9547124076220792258,0,170993800,FALSE,4,Βασιλίσσης Σοφίας,primary,TRUE,134.96900000000002,"LINESTRING (23.7360978 37.9761678, 23.7368125 37.9760767, 23.7374561 37.9759947, 23.7375102 37.9759878, 23.7376179 37.9759741)",,,ΕΟ54,
954712407,250691827,954712407250691827,#N/A,0,227444705,TRUE,1,,primary_link,FALSE,45.036,"LINESTRING (23.7360978 37.9761678, 23.7360229 37.9762163, 23.7359709 37.9762499, 23.7359561 37.9762632, 23.7359462 37.976272, 23.7359033 37.9763171, 23.7358805 37.976364, 23.7358577 37.97642, 23.7358438 37.9765)",,,,yes
954712428,250691847,954712428250691847,#N/A,0,298744689,TRUE,5,Βασιλίσσης Αμαλίας,primary,FALSE,13.248,"LINESTRING (23.7357623 37.9758298, 23.7357767 37.9759484)",30,,ΕΟ91,
954712428,7384331753,9547124287384331753,#N/A,0,"[81916368, 87082463]",TRUE,1,,primary,FALSE,24.991,"LINESTRING (23.7357623 37.9758298, 23.7356838 37.9759605, 23.7356634 37.9759944, 23.7356402 37.9760329)",,,,
961530639,97788213,96153063997788213,#N/A,0,260124785,TRUE,2,Πατησίων,primary,FALSE,61.492,"LINESTRING (23.7306058 37.9891989, 23.7305165 37.9888376, 23.7305078 37.9888025, 23.7304716 37.9886561)",,,ΕΟ1,
961530806,961530639,961530806961530639,#N/A,0,82619472,TRUE,1,,primary_link,FALSE,30.846000000000004,"LINESTRING (23.7303329 37.9892924, 23.7304809 37.9893161, 23.7305223 37.9892999, 23.7305663 37.9892633, 23.7306058 37.9891989)",,,,
961530806,597677303,961530806597677303,#N/A,0,260124784,TRUE,3,Μάρνη,primary,FALSE,37.909,"LINESTRING (23.7303329 37.9892924, 23.7305181 37.9894021, 23.7305556 37.9894243, 23.7306793 37.9894966)",,,,
962356608,962356671,962356608962356671,#N/A,0,82682799,TRUE,1,,primary_link,FALSE,24.296,"LINESTRING (23.7271435 37.9865524, 23.7271123 37.9864746, 23.727078 37.9864341, 23.7269891 37.9863805)",,,,
962356608,300398465,962356608300398465,#N/A,0,972965170,TRUE,2,Καματερού,primary,FALSE,29.621,"LINESTRING (23.7271435 37.9865524, 23.7271706 37.9864978, 23.7271929 37.986457, 23.7273229 37.9863298)",,,,
962356657,31179466,96235665731179466,#N/A,0,838111475,TRUE,2,Μάρνη,primary,FALSE,8.157,"LINESTRING (23.7267556 37.9872173, 23.726682 37.9871724)",,,,
962356657,95663472,96235665795663472,#N/A,0,54700033,TRUE,2,Αχαρνών,primary,FALSE,98.29599999999999,"LINESTRING (23.7267556 37.9872173, 23.7267175 37.9872696, 23.726687 37.9873202, 23.7266642 37.9873763, 23.7266563 37.9874042, 23.7266501 37.9874382, 23.7266763 37.9880837)",,,,
962356671,95663492,96235667195663492,#N/A,0,85392263,TRUE,1,Χαλκοκονδύλη,secondary,FALSE,82.568,"LINESTRING (23.7269891 37.9863805, 23.7261222 37.9865071, 23.7260626 37.9865152)",,,,
962356674,95663392,96235667495663392,#N/A,0,384593010,TRUE,3,Μάρνη,primary,FALSE,98.046,"LINESTRING (23.7282268 37.9880446, 23.7289565 37.988477, 23.7290147 37.9885114, 23.7291214 37.9885741)",,,,
962356679,95663426,96235667995663426,#N/A,0,222897513,TRUE,1,Καποδιστρίου,primary,FALSE,106.42399999999999,"LINESTRING (23.7286444 37.986675, 23.7285363 37.9866933, 23.7275396 37.9868592, 23.7275091 37.9868641, 23.7274563 37.9868729)",,,,
962356679,95663454,96235667995663454,#N/A,0,260824573,TRUE,3,3ης Σεπτεμβρίου,primary,FALSE,62.364000000000004,"LINESTRING (23.7286444 37.986675, 23.7287657 37.9871585, 23.7287744 37.9871932, 23.7287824 37.9872252)",,,,
962356738,3879024943,9623567383879024943,#N/A,0,"[887747034, 838111476]",TRUE,2,Μάρνη,primary,FALSE,17.344,"LINESTRING (23.72701 37.9872972, 23.727061 37.9873277, 23.7271499 37.9874066)",,,,
962356740,97834761,96235674097834761,#N/A,0,82682788,TRUE,1,,primary_link,FALSE,33.848000000000006,"LINESTRING (23.7265063 37.9873279, 23.726507 37.9872316, 23.7265071 37.9871867, 23.7265099 37.987143, 23.7265069 37.9871163, 23.7264979 37.987092, 23.7264849 37.9870739, 23.7264514 37.9870356)",,,,
962356740,31179466,96235674031179466,#N/A,0,222899032,TRUE,2,Λιοσίων,primary,FALSE,23.158,"LINESTRING (23.7265063 37.9873279, 23.7265652 37.9872738, 23.7265972 37.9872445, 23.726682 37.9871724)",,,,
962356785,962356657,962356785962356657,#N/A,0,210103168,TRUE,2,Καποδιστρίου,primary,FALSE,6.321,"LINESTRING (23.7268008 37.987173, 23.7267556 37.9872173)",,,,
962356785,962356738,962356785962356738,#N/A,0,261671454,TRUE,2,Μάρνη,primary,FALSE,22.954,"LINESTRING (23.7268008 37.987173, 23.7268899 37.9872254, 23.72701 37.9872972)",,,,
962356840,962356674,962356840962356674,#N/A,0,82682794,TRUE,1,,primary_link,FALSE,22.84,"LINESTRING (23.7282446 37.9878474, 23.728204 37.9879477, 23.7282069 37.9880075, 23.7282268 37.9880446)",,,,
962356840,95663464,96235684095663464,#N/A,0,189099792,TRUE,2,Στουρνάρη,secondary,FALSE,23.805,"LINESTRING (23.7282446 37.9878474, 23.7281014 37.987869, 23.7279778 37.9878876)",,,,
962356923,962356785,962356923962356785,#N/A,0,284503673,TRUE,2,Μάρνη,primary,FALSE,7.627,"LINESTRING (23.7267319 37.9871311, 23.7268008 37.987173)",,,,
962356923,962356608,962356923962356608,#N/A,0,284503674,TRUE,2,Καματερού,primary,FALSE,75.05,"LINESTRING (23.7267319 37.9871311, 23.7267887 37.9870878, 23.7269342 37.9869629, 23.7269578 37.9869329, 23.7269762 37.9869029, 23.7271435 37.9865524)",,,,
1003481221,7214467394,10034812217214467394,#N/A,0,670872012,TRUE,4,Παναγή Τσαλδάρη,primary,FALSE,80.575,"LINESTRING (23.725807 37.9830717, 23.7261695 37.9832309, 23.7262401 37.9832619, 23.726395 37.98333, 23.7266101 37.9834244)",50,,ΕΟ56,
1303525204,635442926,1303525204635442926,#N/A,0,444374147,TRUE,,Καλλιδρομίου,residential,FALSE,8.486,"LINESTRING (23.7357192 37.9896263, 23.7356693 37.9896917)",,6,,
2511789008,250691827,2511789008250691827,#N/A,0,"[87082469, 1040608909, 687831199]",TRUE,3,Πανεπιστημίου,primary,FALSE,44.301,"LINESTRING (23.7357956 37.9761034, 23.7358058 37.9761876, 23.7358146 37.9762596, 23.7358256 37.9763502, 23.7358438 37.9765)",50,,,
2511789008,7384331753,25117890087384331753,#N/A,0,"[790400745, 560974709]",TRUE,3,Βασιλέως Γεωργίου Α',primary,FALSE,15.716,"LINESTRING (23.7357956 37.9761034, 23.7357231 37.9760705, 23.7356402 37.9760329)",,,ΕΟ54,
2878357812,961484809,2878357812961484809,#N/A,0,82615574,TRUE,,Πλ. Αιγύπτου,residential,FALSE,36.424,"LINESTRING (23.7324856 37.9919489, 23.7321946 37.9919877, 23.7321519 37.9919934, 23.732113 37.9920094, 23.7320958 37.9920319)",,,,
2878357812,516020349,2878357812516020349,#N/A,0,"[996823384, 996823385, 996823386]",TRUE,1,Μαυροματαίων,secondary,FALSE,17.006999999999998,"LINESTRING (23.7324856 37.9919489, 23.7324954 37.9919792, 23.7325103 37.9920251, 23.7325336 37.9920971)",,,,
3339821648,250691794,3339821648250691794,#N/A,0,23182833,TRUE,,Κριεζώτου,residential,FALSE,168.12300000000002,"LINESTRING (23.7358882 37.9768844, 23.736014 37.9769449, 23.7369707 37.9774049, 23.7372497 37.9775393, 23.7374194 37.9776209, 23.7374294 37.9776257, 23.7375253 37.9776723)",,3,,
3339821648,250691723,3339821648250691723,#N/A,0,"[167920360, 23182965]",TRUE,"['4', '5']",Πανεπιστημίου,primary,FALSE,161.33400000000003,"LINESTRING (23.7358882 37.9768844, 23.7358652 37.9769314, 23.7358165 37.9769915, 23.7356969 37.9771317, 23.7356672 37.9771657, 23.7356124 37.9772234, 23.7353278 37.9775587, 23.7349743 37.9779751, 23.7349389 37.9780169, 23.7348738 37.9780935)",50,,,
3731648988,250714050,3731648988250714050,#N/A,0,"[32357772, 52493439]",TRUE,,"['Βερανζέρου', 'Κάνιγγος']",residential,FALSE,143.511,"LINESTRING (23.7307639 37.9858092, 23.7307177 37.9856392, 23.7306244 37.9852654, 23.7306177 37.9852385, 23.7302249 37.9852991, 23.7301179 37.9853156, 23.7300123 37.9853314, 23.7298439 37.9853573, 23.7298159 37.9853616, 23.7297355 37.985374)",,"['4', '6']",,
3731648988,250713539,3731648988250713539,#N/A,0,52493441,TRUE,2,Ακαδημίας,secondary,FALSE,89.322,"LINESTRING (23.7307639 37.9858092, 23.7309192 37.9856636, 23.7311349 37.9854358, 23.731233 37.9853313, 23.7312656 37.9852966, 23.7313805 37.98517)",,,,
3879024939,95663461,387902493995663461,387902493995663461,0,82682785,FALSE,4,Μάρνη,primary,FALSE,45.414,"LINESTRING (23.7272465 37.9874638, 23.7276613 37.9877086)",,,,
3879024939,3879024943,38790249393879024943,38790249393879024943,0,82682785,FALSE,4,Μάρνη,primary,TRUE,10.589,"LINESTRING (23.7272465 37.9874638, 23.7271499 37.9874066)",,,,
3879024939,95663433,387902493995663433,#N/A,0,10741757,TRUE,,Σολωμού,residential,FALSE,30.522,"LINESTRING (23.7272465 37.9874638, 23.727542 37.9874179, 23.7275882 37.9874107)",,5,,
3879024943,3879024939,38790249433879024939,38790249433879024939,0,82682785,FALSE,4,Μάρνη,primary,FALSE,10.589,"LINESTRING (23.7271499 37.9874066, 23.7272465 37.9874638)",,,,
3879024943,962356657,3879024943962356657,#N/A,0,"[384593009, 838111475]",TRUE,2,Μάρνη,primary,FALSE,40.84,"LINESTRING (23.7271499 37.9874066, 23.7270105 37.9873668, 23.7268761 37.9872893, 23.7268514 37.9872746, 23.7267556 37.9872173)",,,,
4056070360,358464212,4056070360358464212,#N/A,0,400829834,TRUE,4,Αλεξάνδρας,primary,FALSE,31.938,"LINESTRING (23.7319461 37.9915948, 23.7322254 37.9915525, 23.732304 37.9915406)",50,,,
4464395361,388172075,4464395361388172075,4464395361388172075,0,449488830,FALSE,,Σουλίου,residential,TRUE,29.048000000000002,"LINESTRING (23.73366 37.9847125, 23.7334889 37.9845032, 23.7334805 37.9844929)",,,,
5581434215,5921003579,55814342155921003579,#N/A,0,758432182,TRUE,4,Αλεξάνδρας,primary,FALSE,13.361,"LINESTRING (23.7312294 37.9917038, 23.731379 37.9916806)",50,,,
5581434215,97788477,558143421597788477,#N/A,0,"[583814443, 758432181]",TRUE,"['4', '5']",Πατησίων,primary,FALSE,44.502,"LINESTRING (23.7312294 37.9917038, 23.7312121 37.991646, 23.7311278 37.9913117)",,,ΕΟ1,
5581434217,6910572379,55814342176910572379,#N/A,0,878082496,TRUE,4,Αλεξάνδρας,primary,FALSE,13.425,"LINESTRING (23.7314073 37.9917942, 23.7312574 37.9918191)",50,,,
5581434217,8207556731,55814342178207556731,#N/A,0,163711429,TRUE,3,Πατησίων,primary,FALSE,35.887,"LINESTRING (23.7314073 37.9917942, 23.7314313 37.9919013, 23.7314787 37.992112)",,,ΕΟ1,
5921003579,5581434217,59210035795581434217,#N/A,0,878082497,TRUE,3,Πατησίων,primary,FALSE,12.873,"LINESTRING (23.731379 37.9916806, 23.7314073 37.9917942)",,,ΕΟ1,
5921003579,4056070360,59210035794056070360,#N/A,0,878082498,TRUE,4,Αλεξάνδρας,primary,FALSE,50.604,"LINESTRING (23.731379 37.9916806, 23.7314182 37.9916751, 23.7319461 37.9915948)",50,,,
6220792258,954712407,6220792258954712407,6220792258954712407,0,170993800,FALSE,4,Βασιλίσσης Σοφίας,primary,FALSE,134.969,"LINESTRING (23.7376179 37.9759741, 23.7375102 37.9759878, 23.7374561 37.9759947, 23.7368125 37.9760767, 23.7360978 37.9761678)",,,ΕΟ54,
6220792260,250692409,6220792260250692409,#N/A,0,23182848,TRUE,2,Κανάρη,tertiary,FALSE,74.249,"LINESTRING (23.7378391 37.9772926, 23.7379435 37.9772784, 23.7386739 37.9771792)",,,,
6220792260,6220792258,62207922606220792258,#N/A,0,298828555,TRUE,3,Ακαδημίας,secondary,FALSE,148.749,"LINESTRING (23.7378391 37.9772926, 23.7378633 37.9772235, 23.7378677 37.9771369, 23.7377464 37.976581, 23.7376581 37.9761762, 23.7376486 37.9761322, 23.7376179 37.9759741)",,,,
6356544246,97788594,635654424697788594,#N/A,0,10971767,TRUE,,Κάνιγγος,residential,FALSE,62.468999999999994,"LINESTRING (23.7310243 37.986877, 23.7308978 37.9863645, 23.7308878 37.9863256)",,7,,
6693568141,31179468,669356814131179468,669356814131179468,0,10976435,FALSE,4,Μάρνη,secondary,TRUE,61.072,"LINESTRING (23.7246801 37.9859706, 23.7241204 37.9856434)",,,,
6693568141,95663375,669356814195663375,669356814195663375,0,10976435,FALSE,4,Μάρνη,secondary,FALSE,26.566000000000003,"LINESTRING (23.7246801 37.9859706, 23.7248063 37.9860443, 23.7248266 37.9860562, 23.7249236 37.9861129)",,,,
6693647611,250691664,6693647611250691664,#N/A,0,"[952108568, 907519290, 23183380]",TRUE,1,"['Αιόλου', 'Σταύρου Γεωργίου']","['residential', 'living_street']",FALSE,134.08899999999997,"LINESTRING (23.7289059 37.9820107, 23.7288739 37.9818789, 23.7289697 37.9818641, 23.730038 37.9816993, 23.730104 37.981685, 23.7302053 37.9816631)",,4,,
6910572379,5581434215,69105723795581434215,#N/A,0,778622871,TRUE,5,Πατησίων,primary,FALSE,13.053,"LINESTRING (23.7312574 37.9918191, 23.7312294 37.9917038)",,,ΕΟ1,
6943632782,961484809,6943632782961484809,#N/A,0,82615566,TRUE,,Πλ. Αιγύπτου,residential,FALSE,57.365999999999985,"LINESTRING (23.7314861 37.9921449, 23.7315605 37.9921341, 23.731607 37.9921277, 23.7319307 37.9920803, 23.7319544 37.9920793, 23.731976 37.9920802, 23.7320063 37.9920858, 23.7320215 37.9920878, 23.7320347 37.9920875, 23.7320481 37.9920843, 23.7320592 37.9920787, 23.7320683 37.9920716, 23.7320759 37.9920622, 23.7320958 37.9920319)",,2,,
7214467394,97846089,721446739497846089,#N/A,0,280005151,TRUE,,Σωκράτους,residential,FALSE,60.995000000000005,"LINESTRING (23.7266101 37.9834244, 23.7265907 37.9833504, 23.7264693 37.9828872)",,,,
7214467394,363357735,7214467394363357735,#N/A,0,"[280005152, 23182962, 725187180, 298298663]",TRUE,3,"['Σταδίου', 'Πλατεία Ομονοίας', 'Παναγή Τσαλδάρη']",primary,FALSE,237.246,"LINESTRING (23.7266101 37.9834244, 23.7267154 37.9834708, 23.7268668 37.9835377, 23.7270168 37.9836039, 23.7272062 37.9836869, 23.7273191 37.9837374, 23.7273798 37.9837619, 23.7274052 37.9837683, 23.7274635 37.9837827, 23.7275152 37.9837915, 23.7275643 37.9837978, 23.7276388 37.9837871, 23.7279219 37.9837467, 23.7280637 37.9837264, 23.7281813 37.9837067, 23.7284125 37.983668, 23.7284513 37.9836598, 23.7284943 37.9836478, 23.7285323 37.9836309, 23.7285708 37.9836105, 23.728584 37.9835964, 23.7288298 37.983293, 23.7288642 37.9832504, 23.7288925 37.9832153)",50,,ΕΟ56,
7248584892,97835127,724858489297835127,#N/A,0,634244587,TRUE,,Ακομινάτου,residential,FALSE,47.529,"LINESTRING (23.7236788 37.9875243, 23.7237962 37.9879416)",30,6.2,,
7384331753,42240105,738433175342240105,#N/A,0,"[789796814, 87082462]",TRUE,3,Βασιλέως Γεωργίου Α',primary,FALSE,112.06700000000001,"LINESTRING (23.7356402 37.9760329, 23.7354906 37.9760527, 23.734537 37.9761789, 23.7344992 37.9761839, 23.7343793 37.9761998)",30,,,
8207556731,6943632782,82075567316943632782,#N/A,0,163711429,TRUE,3,Πατησίων,primary,FALSE,3.715,"LINESTRING (23.7314787 37.992112, 23.7314861 37.9921449)",,,ΕΟ1,
8212395769,95663490,821239576995663490,821239576995663490,0,1279450436,FALSE,2,Λιοσίων,secondary,TRUE,6.932,"LINESTRING (23.7250288 37.9888743, 23.7250694 37.9888208)",30,,,
8212395769,97839373,821239576997839373,821239576997839373,0,48820562,FALSE,2,Λιοσίων,secondary,FALSE,9.792,"LINESTRING (23.7250288 37.9888743, 23.7250002 37.9889121, 23.7249715 37.9889499)",30,,,
8212395770,95663490,821239577095663490,#N/A,0,883118288,TRUE,2,Σουρμελή,secondary,FALSE,5.117,"LINESTRING (23.7250927 37.988863, 23.7250694 37.9888208)",,,,
8212395770,8212395769,82123957708212395769,#N/A,0,883118289,TRUE,2,Σουρμελή,secondary,FALSE,5.739,"LINESTRING (23.7250927 37.988863, 23.7250288 37.9888743)",,,,
8253823131,95663527,825382313195663527,825382313195663527,0,82682796,FALSE,4,Μάρνη,secondary,TRUE,25.402,"LINESTRING (23.7263633 37.9869547, 23.7263268 37.9869334, 23.7261306 37.9868185)",,,,
8253823131,962356923,8253823131962356923,#N/A,0,"[838111478, 384593007]",TRUE,2,Μάρνη,secondary,FALSE,38.229,"LINESTRING (23.7263633 37.9869547, 23.7264947 37.9869894, 23.7265965 37.9870502, 23.7266407 37.9870766, 23.7267319 37.9871311)",,,,
8446047162,10134034285,844604716210134034285,#N/A,0,299510181,TRUE,2,Σόλωνος,secondary,FALSE,55.86000000000001,"LINESTRING (23.735425 37.9820951, 23.7354135 37.9821094, 23.7351226 37.9824704, 23.7350999 37.9824987, 23.7350832 37.9825191)",,,,
10134034285,250699613,10134034285250699613,#N/A,0,259803254,TRUE,2,Ιπποκράτους,tertiary,FALSE,112.926,"LINESTRING (23.7350832 37.9825191, 23.734598 37.9822663, 23.7341095 37.9820369, 23.7340747 37.9820203, 23.7339908 37.9819811)",,,,
10134034285,250699711,10134034285250699711,#N/A,0,259803255,TRUE,2,Σόλωνος,secondary,FALSE,63.007,"LINESTRING (23.7350832 37.9825191, 23.7350684 37.9825369, 23.7346918 37.9829944)",,,,
10134034290,300400248,10134034290300400248,#N/A,0,299510181,TRUE,2,Σόλωνος,secondary,FALSE,61.173,"LINESTRING (23.7364526 37.9808197, 23.7364228 37.9808567, 23.7362909 37.9810204, 23.7360784 37.9812841)",,,,
10134034294,300400470,10134034294300400470,#N/A,0,299510180,TRUE,,Ομήρου,residential,FALSE,111.192,"LINESTRING (23.7370345 37.9800974, 23.7360634 37.979576, 23.7360225 37.9795546, 23.7359852 37.9795354)",,,,
10134034294,10134034290,1013403429410134034290,#N/A,0,299510181,TRUE,2,Σόλωνος,secondary,FALSE,95.14099999999999,"LINESTRING (23.7370345 37.9800974, 23.7370101 37.9801276, 23.7364827 37.9807823, 23.7364526 37.9808197)",,,,
10174555843,11271557478,1017455584311271557478,#N/A,0,309269227,TRUE,,Σίνα,residential,FALSE,13.37,"LINESTRING (23.735395 37.9802494, 23.7352717 37.9801786)",,7,,
10174555843,10134034290,1017455584310134034290,#N/A,0,80404724,TRUE,,Σίνα,residential,FALSE,112.31199999999998,"LINESTRING (23.735395 37.9802494, 23.7354215 37.9802637, 23.7363969 37.9807894, 23.7364293 37.9808076, 23.7364526 37.9808197)",,,,
10174555843,300400470,10174555843300400470,#N/A,0,168914458,TRUE,4,Ακαδημίας,secondary,FALSE,94.759,"LINESTRING (23.735395 37.9802494, 23.735937 37.9795937, 23.7359852 37.9795354)",,,,
11256819882,11256819883,1125681988211256819883,1125681988211256819883,0,1214975690,FALSE,,Μενάνδρου,residential,TRUE,45.38,"LINESTRING (23.7261732 37.9848608, 23.7256652 37.9849398)",,,,
11256819883,11256819882,1125681988311256819882,1125681988311256819882,0,1214975690,FALSE,,Μενάνδρου,residential,FALSE,45.38,"LINESTRING (23.7256652 37.9849398, 23.7261732 37.9848608)",,,,
11256819883,250720872,11256819883250720872,#N/A,0,10741722,TRUE,2,Μενάνδρου,tertiary,FALSE,45.745,"LINESTRING (23.7256652 37.9849398, 23.7255934 37.9846617, 23.7255609 37.9845367)",,,,
11271557478,653971690,11271557478653971690,#N/A,0,309269227,TRUE,,Σίνα,residential,FALSE,46.442,"LINESTRING (23.7352717 37.9801786, 23.7351635 37.9801165, 23.7348434 37.9799327)",,7,,
11271557478,250709162,11271557478250709162,11271557478250709162,0,"[23183967, 1248813143]",FALSE,1,Πλατεία Κωστή Παλαμά,residential,TRUE,166.641,"LINESTRING (23.7352717 37.9801786, 23.7347693 37.9807557, 23.734708 37.9808279, 23.7342711 37.9813446, 23.7342104 37.9814219)",,6,,
