u,v,key,osmid,highway,junction,oneway,reversed,length,geometry,name,maxspeed,lanes,width
21592072,100928118,0,11346466,tertiary,roundabout,True,False,16.363999999999997,"LINESTRING (153.0429241 -27.4703245, 153.0429502 -27.4703063, 153.0429814 -27.4702963, 153.0430145 -27.4702954, 153.0430463 -27.4703038, 153.0430735 -27.4703207)",,,,
21592072,100928095,0,73532286,residential,,False,True,129.974,"LINESTRING (153.0429241 -27.4703245, 153.0428886 -27.4702763, 153.0422031 -27.4693462)",Moray Street,50,,
21616792,100950118,0,28994289,tertiary,,False,True,100.763,"LINESTRING (153.0411441 -27.4577107, 153.0403789 -27.4571106)",James Street,50,2,
21616792,26336287,0,28994289,tertiary,,False,False,115.774,"LINESTRING (153.0411441 -27.4577107, 153.0412406 -27.4577865, 153.0414392 -27.4579416, 153.0420226 -27.4584009)",James Street,50,2,
21616792,21616933,0,"[838016752, 19569381, 838016751]",residential,,False,True,465.164,"LINESTRING (153.0411441 -27.4577107, 153.0410903 -27.4577655, 153.0408125 -27.458054, 153.0391121 -27.4597671, 153.0385251 -27.4603546, 153.0383566 -27.4605268, 153.0381209 -27.4607638, 153.0380871 -27.4607887, 153.0380176 -27.4608398)",Arthur Street,50,,
21616933,21616792,0,"[838016752, 19569381, 838016751]",residential,,False,False,465.16400000000004,"LINESTRING (153.0380176 -27.4608398, 153.0380871 -27.4607887, 153.0381209 -27.4607638, 153.0383566 -27.4605268, 153.0385251 -27.4603546, 153.0391121 -27.4597671, 153.0408125 -27.458054, 153.0410903 -27.4577655, 153.0411441 -27.4577107)",Arthur Street,50,,
21616933,26336288,0,1252285820,secondary,,False,False,118.357,"LINESTRING (153.0380176 -27.4608398, 153.0381126 -27.4609141, 153.0381369 -27.4609331, 153.0388328 -27.4614791, 153.0389172 -27.4615439)",Brunswick Street,50,4,
26336287,363426095,0,28994289,tertiary,,False,False,111.318,"LINESTRING (153.0420226 -27.4584009, 153.0428713 -27.4590605)",James Street,50,2,
26336287,26336288,0,8028127,residential,,False,True,464.835,"LINESTRING (153.0420226 -27.4584009, 153.0419686 -27.4584553, 153.0389838 -27.4614618, 153.0389672 -27.4614824, 153.0389172 -27.4615439)",Harcourt Street,50,,
26336287,21616792,0,28994289,tertiary,,False,True,115.77399999999999,"LINESTRING (153.0420226 -27.4584009, 153.0414392 -27.4579416, 153.0412406 -27.4577865, 153.0411441 -27.4577107)",James Street,50,2,
26336288,26336287,0,8028127,residential,,False,False,464.835,"LINESTRING (153.0389172 -27.4615439, 153.0389672 -27.4614824, 153.0389838 -27.4614618, 153.0419686 -27.4584553, 153.0420226 -27.4584009)",Harcourt Street,50,,
26336288,26336337,0,8028127,residential,,False,True,131.518,"LINESTRING (153.0389172 -27.4615439, 153.0388652 -27.4616071, 153.0388505 -27.461625, 153.0380933 -27.4623961, 153.0380747 -27.462415, 153.0380491 -27.462441)",Harcourt Street,50,,
26336288,26336289,0,9559269,secondary,,False,False,116.44600000000001,"LINESTRING (153.0389172 -27.4615439, 153.0389865 -27.4615983, 153.0390105 -27.4616171, 153.0394109 -27.4619273, 153.039715 -27.4621671, 153.0397365 -27.4621844, 153.0398019 -27.462237)",Brunswick Street,50,4,
26336288,21616933,0,1252285820,secondary,,False,True,118.357,"LINESTRING (153.0389172 -27.4615439, 153.0388328 -27.4614791, 153.0381369 -27.4609331, 153.0381126 -27.4609141, 153.0380176 -27.4608398)",Brunswick Street,50,4,
26336289,26336291,0,9559269,secondary,,False,False,85.787,"LINESTRING (153.0398019 -27.462237, 153.0398911 -27.4623068, 153.0399143 -27.462325, 153.0402218 -27.4625633, 153.0404553 -27.462746)",Brunswick Street,50,4,
26336289,26336288,0,9559269,secondary,,False,True,116.44600000000001,"LINESTRING (153.0398019 -27.462237, 153.0397365 -27.4621844, 153.039715 -27.4621671, 153.0394109 -27.4619273, 153.0390105 -27.4616171, 153.0389865 -27.4615983, 153.0389172 -27.4615439)",Brunswick Street,50,4,
26336289,363426205,0,27600524,tertiary,,False,False,458.37300000000005,"LINESTRING (153.0398019 -27.462237, 153.0398645 -27.4621824, 153.0398848 -27.4621647, 153.0401038 -27.4619433, 153.0428401 -27.4591834, 153.0428763 -27.4591469)",Kent Street,50,,
26336289,9949476155,0,1085833486,residential,,False,True,118.35300000000001,"LINESTRING (153.0398019 -27.462237, 153.0397391 -27.4622889, 153.03972 -27.4623046, 153.0394737 -27.462555, 153.039005 -27.4630319)",Kent Street,50,,
26336291,26336292,0,9559269,secondary,,False,False,38.732,"LINESTRING (153.0404553 -27.462746, 153.0407515 -27.4629746)",Brunswick Street,50,4,
26336291,26336289,0,9559269,secondary,,False,True,85.78699999999999,"LINESTRING (153.0404553 -27.462746, 153.0402218 -27.4625633, 153.0399143 -27.462325, 153.0398911 -27.4623068, 153.0398019 -27.462237)",Brunswick Street,50,4,
26336291,6275530526,0,546260876,residential,,False,True,46.988,"LINESTRING (153.0404553 -27.462746, 153.0404198 -27.4627905, 153.0404024 -27.4628109, 153.040378 -27.4628395, 153.0403483 -27.4628686, 153.0402544 -27.4629527, 153.0401445 -27.4630653)",Bowen Street,50,,
26336292,26336368,0,9559269,secondary,,False,False,62.923,"LINESTRING (153.0407515 -27.4629746, 153.0412304 -27.4633483)",Brunswick Street,50,4,
26336292,26336291,0,9559269,secondary,,False,True,38.732,"LINESTRING (153.0407515 -27.4629746, 153.0404553 -27.462746)",Brunswick Street,50,4,
26336292,303071989,0,8028134,residential,,False,False,53.163,"LINESTRING (153.0407515 -27.4629746, 153.0407914 -27.4629321, 153.040802 -27.462921, 153.0408348 -27.4628867, 153.0408648 -27.4628511, 153.0409046 -27.4628013, 153.0410931 -27.4626052)",Terrace Street,,,
26336293,26336315,0,8028134,residential,,False,True,228.879,"LINESTRING (153.0438363 -27.4598514, 153.0437855 -27.4599024, 153.0423006 -27.4613941)",Terrace Street,,,
26336293,554230434,0,19677443,residential,,False,False,57.351000000000006,"LINESTRING (153.0438363 -27.4598514, 153.0439023 -27.4597816, 153.0440546 -27.4596206, 153.0442114 -27.4594574)",Gibbon Street,,,
26336293,363426182,0,32297854,tertiary,,False,True,116.586,"LINESTRING (153.0438363 -27.4598514, 153.0433567 -27.4594644, 153.0430141 -27.4591767, 153.0429693 -27.4591391)",James Street,,,
26336293,26336319,0,131002686,tertiary,,False,False,119.15299999999999,"LINESTRING (153.0438363 -27.4598514, 153.0446679 -27.4604875, 153.0446845 -27.4605002, 153.0447563 -27.460545)",James Street,60,,
26336315,303071806,0,8028134,residential,,False,True,64.581,"LINESTRING (153.0423006 -27.4613941, 153.0418655 -27.461828)",Terrace Street,,,
26336315,26336316,0,8028136,residential,,False,False,119.116,"LINESTRING (153.0423006 -27.4613941, 153.043207 -27.4621017)",Clay Street,,,
26336315,26336293,0,8028134,residential,,False,False,228.879,"LINESTRING (153.0423006 -27.4613941, 153.0437855 -27.4599024, 153.0438363 -27.4598514)",Terrace Street,,,
26336316,26336315,0,8028136,residential,,False,True,119.116,"LINESTRING (153.043207 -27.4621017, 153.0423006 -27.4613941)",Clay Street,,,
26336316,26336319,0,8028135,residential,,False,False,230.94599999999997,"LINESTRING (153.043207 -27.4621017, 153.0440114 -27.4612964, 153.0447053 -27.4606028, 153.0447355 -27.4605686, 153.0447563 -27.460545)",Heal Street,,,
26336316,26336318,0,8028135,residential,,False,True,232.86,"LINESTRING (153.043207 -27.4621017, 153.0418802 -27.4634481, 153.0417138 -27.4636207, 153.0416962 -27.463639, 153.0416548 -27.4636792)",Heal Street,,,
26336316,26336317,0,8028136,residential,,False,False,133.079,"LINESTRING (153.043207 -27.4621017, 153.0432653 -27.4621472, 153.04422 -27.4628919)",Clay Street,,,
26336317,26336320,0,11346449,tertiary,,False,True,230.107,"LINESTRING (153.04422 -27.4628919, 153.0457587 -27.4613368)",Annie Street,,,
26336317,26336316,0,8028136,residential,,False,True,133.079,"LINESTRING (153.04422 -27.4628919, 153.0432653 -27.4621472, 153.043207 -27.4621017)",Clay Street,,,
26336317,100927821,0,11346449,tertiary,,False,False,232.60799999999998,"LINESTRING (153.04422 -27.4628919, 153.0428614 -27.4642626, 153.0427457 -27.4643918, 153.0427273 -27.464413, 153.0426759 -27.4644722)",Annie Street,,,
26336318,26336368,0,9559269,secondary,,False,True,55.742,"LINESTRING (153.0416548 -27.4636792, 153.0412304 -27.4633483)",Brunswick Street,50,4,
26336318,26336316,0,8028135,residential,,False,False,232.86,"LINESTRING (153.0416548 -27.4636792, 153.0416962 -27.463639, 153.0417138 -27.4636207, 153.0418802 -27.4634481, 153.043207 -27.4621017)",Heal Street,,,
26336318,100927821,0,9559269,secondary,,False,False,133.884,"LINESTRING (153.0416548 -27.4636792, 153.0418894 -27.4638606, 153.0420992 -27.4640237, 153.0423532 -27.4642211, 153.0425742 -27.464393, 153.0425948 -27.464409, 153.0426759 -27.4644722)",Brunswick Street,50,4,
26336319,1470286603,0,131002686,tertiary,,False,False,110.171,"LINESTRING (153.0447563 -27.460545, 153.0455887 -27.4612054)",James Street,60,,
26336319,26336347,0,8028135,residential,,False,False,113.57300000000001,"LINESTRING (153.0447563 -27.460545, 153.0447833 -27.4605132, 153.0447926 -27.4605039, 153.0448109 -27.4604856, 153.045517 -27.4597786)",Heal Street,,,
26336319,26336316,0,8028135,residential,,False,True,230.94600000000003,"LINESTRING (153.0447563 -27.460545, 153.0447355 -27.4605686, 153.0447053 -27.4606028, 153.0440114 -27.4612964, 153.043207 -27.4621017)",Heal Street,,,
26336319,26336293,0,131002686,tertiary,,False,True,119.15299999999999,"LINESTRING (153.0447563 -27.460545, 153.0446845 -27.4605002, 153.0446679 -27.4604875, 153.0438363 -27.4598514)",James Street,60,,
26336320,26336317,0,11346449,tertiary,,False,False,230.107,"LINESTRING (153.0457587 -27.4613368, 153.04422 -27.4628919)",Annie Street,,,
26336320,1470286603,0,131002686,tertiary,,False,True,22.245,"LINESTRING (153.0457587 -27.4613368, 153.0455887 -27.4612054)",James Street,60,,
26336320,26336338,0,19325206,residential,,False,False,100.688,"LINESTRING (153.0457587 -27.4613368, 153.0458221 -27.4612727, 153.0464322 -27.4606565)",Annie Street,,,
26336320,200798028,0,28977079,tertiary,,False,False,117.87899999999999,"LINESTRING (153.0457587 -27.4613368, 153.0459356 -27.461471, 153.046603 -27.4619993, 153.0466535 -27.4620392)",James Street,,,
26336326,100950165,0,11348309,residential,,False,False,36.714999999999996,"LINESTRING (153.0479845 -27.4630857, 153.0479367 -27.4631248, 153.0479165 -27.4631445, 153.0477297 -27.4633261)",Villiers Street,,,
26336326,26336327,0,11348309,residential,,False,True,101.162,"LINESTRING (153.0479845 -27.4630857, 153.0480449 -27.463025, 153.0486049 -27.4624622, 153.0486631 -27.4624037)",Villiers Street,,,
26336326,100950129,0,27600522,tertiary,,False,False,160.886,"LINESTRING (153.0479845 -27.4630857, 153.0480718 -27.463154, 153.0491443 -27.4639926, 153.0492079 -27.4640423)",James Street,,,
26336326,200798029,0,27600522,tertiary,,False,True,159.62400000000002,"LINESTRING (153.0479845 -27.4630857, 153.0478998 -27.4630189, 153.0468123 -27.4621613, 153.0467752 -27.4621321)",James Street,,,
26336327,200799161,0,11348309,residential,,False,True,100.63,"LINESTRING (153.0486631 -27.4624037, 153.049337 -27.4617244)",Villiers Street,,,
26336327,170851355,0,27600520,residential,,False,False,159.956,"LINESTRING (153.0486631 -27.4624037, 153.0498772 -27.463357)",Hawthorne Street,,,
26336327,26336340,0,27600520,residential,,False,True,167.942,"LINESTRING (153.0486631 -27.4624037, 153.0473911 -27.4614001)",Hawthorne Street,,,
26336327,26336326,0,11348309,residential,,False,False,101.16199999999999,"LINESTRING (153.0486631 -27.4624037, 153.0486049 -27.4624622, 153.0480449 -27.463025, 153.0479845 -27.4630857)",Villiers Street,,,
26336328,26336348,0,8028138,residential,,False,False,131.243,"LINESTRING (153.0450094 -27.4586653, 153.0450804 -27.4587197, 153.0451831 -27.4587983, 153.0458411 -27.4593128, 153.0460019 -27.4594508)",Beeston Street,,,
26336328,26336329,0,19677443,residential,,False,False,75.816,"LINESTRING (153.0450094 -27.4586653, 153.0450272 -27.4586374, 153.0450735 -27.4585509, 153.0454914 -27.4581393)",Gibbon Street,,,
26336328,554230434,0,19677443,residential,,False,True,118.828,"LINESTRING (153.0450094 -27.4586653, 153.0449737 -27.4586918, 153.0449075 -27.4587192, 153.0442114 -27.4594574)",Gibbon Street,,,
26336329,200762420,0,19321599,residential,,False,False,32.312,"LINESTRING (153.0454914 -27.4581393, 153.045738 -27.4583305)",Little Chester Street,,,
26336329,200760369,0,"[19677443, 28977069]",residential,,False,"[False, True]",57.80799999999999,"LINESTRING (153.0454914 -27.4581393, 153.0455299 -27.4581004, 153.0455395 -27.4580757, 153.0455439 -27.4580511, 153.0455308 -27.4580225, 153.0455093 -27.4579986, 153.0455016 -27.4579925, 153.0452102 -27.4577619)","['Chester Street', 'Gibbon Street']",,,
26336329,26336328,0,19677443,residential,,False,True,75.816,"LINESTRING (153.0454914 -27.4581393, 153.0450735 -27.4585509, 153.0450272 -27.4586374, 153.0450094 -27.4586653)",Gibbon Street,,,
26336337,26336288,0,8028127,residential,,False,False,131.518,"LINESTRING (153.0380491 -27.462441, 153.0380747 -27.462415, 153.0380933 -27.4623961, 153.0388505 -27.461625, 153.0388652 -27.4616071, 153.0389172 -27.4615439)",Harcourt Street,50,,
26336337,4416254158,0,355847383,residential,,True,False,108.983,"LINESTRING (153.0380491 -27.462441, 153.0387606 -27.4629801, 153.038773 -27.4629917, 153.0388007 -27.4630247, 153.038812 -27.4630338, 153.0388222 -27.463041, 153.0388375 -27.4630485, 153.0388578 -27.4630542, 153.0388769 -27.4630581, 153.0388948 -27.4630578)",Bowen Terrace,50,1,
26336338,200798413,0,19325206,residential,,False,False,79.141,"LINESTRING (153.0464322 -27.4606565, 153.046953 -27.4601152)",Annie Street,,,
26336338,26336340,0,27600520,residential,,False,False,125.65,"LINESTRING (153.0464322 -27.4606565, 153.0473911 -27.4614001)",Hawthorne Street,,,
26336338,26336320,0,19325206,residential,,False,True,100.688,"LINESTRING (153.0464322 -27.4606565, 153.0458221 -27.4612727, 153.0457587 -27.4613368)",Annie Street,,,
26336340,200799170,0,19362636,residential,,False,False,97.684,"LINESTRING (153.0473911 -27.4614001, 153.0480418 -27.460738)",Browne Street,,,
26336340,26336327,0,27600520,residential,,False,False,167.942,"LINESTRING (153.0473911 -27.4614001, 153.0486631 -27.4624037)",Hawthorne Street,,,
26336340,26336338,0,27600520,residential,,False,True,125.65,"LINESTRING (153.0473911 -27.4614001, 153.0464322 -27.4606565)",Hawthorne Street,,,
26336340,303071985,0,27600521,residential,,False,True,93.313,"LINESTRING (153.0473911 -27.4614001, 153.0467662 -27.46203)",Browne Street,,,
26336346,6275530526,0,8028132,residential,,True,False,83.395,"LINESTRING (153.0396085 -27.4636399, 153.0396214 -27.4636186, 153.0396314 -27.4636047, 153.0396431 -27.4635913, 153.0399918 -27.4632367, 153.0400374 -27.4631779, 153.0400887 -27.4631011, 153.0401445 -27.4630653)",Bowen Street,50,1,
26336346,26336386,0,543620975,residential,,False,False,17.398,"LINESTRING (153.0396085 -27.4636399, 153.0396229 -27.4636564, 153.0396338 -27.4636668, 153.0397365 -27.463747)",Bowen Terrace,50,,
26336347,26336319,0,8028135,residential,,False,True,113.57300000000001,"LINESTRING (153.045517 -27.4597786, 153.0448109 -27.4604856, 153.0447926 -27.4605039, 153.0447833 -27.4605132, 153.0447563 -27.460545)",Heal Street,,,
26336348,26336328,0,8028138,residential,,False,True,131.243,"LINESTRING (153.0460019 -27.4594508, 153.0458411 -27.4593128, 153.0451831 -27.4587983, 153.0450804 -27.4587197, 153.0450094 -27.4586653)",Beeston Street,,,
26336348,201294786,0,19363209,residential,,True,False,34.694,"LINESTRING (153.0460019 -27.4594508, 153.0461444 -27.4594837, 153.0462388 -27.4595142, 153.0463427 -27.4595164)",Beeston Street,,,
26336349,201294786,0,28977070,residential,,False,True,4.791,"LINESTRING (153.0463305 -27.4595581, 153.0463427 -27.4595164)",Beeston Street,,,
26336349,26336348,0,27600519,residential,,True,False,36.077999999999996,"LINESTRING (153.0463305 -27.4595581, 153.0461959 -27.4595523, 153.0461196 -27.4595286, 153.0460737 -27.4595144, 153.0460019 -27.4594508)",Beeston Street,,,
26336368,26336318,0,9559269,secondary,,False,False,55.742,"LINESTRING (153.0412304 -27.4633483, 153.0416548 -27.4636792)",Brunswick Street,50,4,
26336368,26336292,0,9559269,secondary,,False,True,62.923,"LINESTRING (153.0412304 -27.4633483, 153.0407515 -27.4629746)",Brunswick Street,50,4,
26336368,26336387,0,8028133,residential,,False,True,125.165,"LINESTRING (153.0412304 -27.4633483, 153.041187 -27.4633917, 153.0411728 -27.4634059, 153.0410475 -27.4635315, 153.0409681 -27.4636086, 153.0406469 -27.4639276, 153.0404797 -27.4640958, 153.040457 -27.4641196, 153.0404447 -27.4641359, 153.0404363 -27.464152, 153.0404314 -27.4641712, 153.0404303 -27.4641912, 153.0404316 -27.4642073)",Balfour Street,50,,
26336386,100928045,0,11346443,residential,,False,False,343.435,"LINESTRING (153.0397365 -27.463747, 153.0397169 -27.4637671, 153.0396934 -27.4637927, 153.0396631 -27.4638257, 153.0395858 -27.4639133, 153.0394559 -27.4640485, 153.0394195 -27.4640851, 153.0393913 -27.4641193, 153.0393805 -27.4641385, 153.0393746 -27.464157, 153.0393738 -27.4641694, 153.0393761 -27.4641804, 153.0393817 -27.4641938, 153.0393982 -27.464219, 153.039611 -27.4645182, 153.0398917 -27.4648862, 153.0401865 -27.4652386, 153.0404616 -27.4655427, 153.0404874 -27.4655732, 153.040507 -27.4656179, 153.0406072 -27.4659485, 153.0406274 -27.4660023, 153.0406812 -27.4660584, 153.0408678 -27.4662038, 153.0408889 -27.4662202, 153.0409517 -27.4662584)",Moray Street,50,,
26336386,26336387,0,543620975,residential,,False,False,87.26600000000002,"LINESTRING (153.0397365 -27.463747, 153.0402733 -27.4641697, 153.0402851 -27.464178, 153.0402974 -27.4641845, 153.0403143 -27.4641914, 153.040332 -27.4641953, 153.0403479 -27.4641983, 153.0403746 -27.4642009, 153.0404316 -27.4642073)",Bowen Terrace,50,,
26336386,26336346,0,543620975,residential,,False,True,17.398,"LINESTRING (153.0397365 -27.463747, 153.0396338 -27.4636668, 153.0396229 -27.4636564, 153.0396085 -27.4636399)",Bowen Terrace,50,,
26336387,26336368,0,8028133,residential,,False,False,125.165,"LINESTRING (153.0404316 -27.4642073, 153.0404303 -27.4641912, 153.0404314 -27.4641712, 153.0404363 -27.464152, 153.0404447 -27.4641359, 153.040457 -27.4641196, 153.0404797 -27.4640958, 153.0406469 -27.4639276, 153.0409681 -27.4636086, 153.0410475 -27.4635315, 153.0411728 -27.4634059, 153.041187 -27.4633917, 153.0412304 -27.4633483)",Balfour Street,50,,
26336387,11640495688,0,15381720,residential,,False,False,188.61300000000003,"LINESTRING (153.0404316 -27.4642073, 153.0404344 -27.4642199, 153.0404404 -27.4642363, 153.0404485 -27.4642514, 153.0404575 -27.4642642, 153.0404758 -27.4642826, 153.0406198 -27.4643902, 153.0407254 -27.4644671, 153.0408022 -27.46453, 153.0409155 -27.4646402, 153.0413438 -27.4650549, 153.0414616 -27.4651604, 153.0417037 -27.4653487, 153.0417275 -27.4653672, 153.0417744 -27.465403)",Bowen Terrace,50,,
26336387,26336386,0,543620975,residential,,False,True,87.266,"LINESTRING (153.0404316 -27.4642073, 153.0403746 -27.4642009, 153.0403479 -27.4641983, 153.040332 -27.4641953, 153.0403143 -27.4641914, 153.0402974 -27.4641845, 153.0402851 -27.464178, 153.0402733 -27.4641697, 153.0397365 -27.463747)",Bowen Terrace,50,,
100927821,100927842,0,9559269,secondary,,False,False,125.029,"LINESTRING (153.0426759 -27.4644722, 153.0427475 -27.4645289, 153.0427697 -27.4645465, 153.04363 -27.4652122)",Brunswick Street,50,4,
100927821,26336318,0,9559269,secondary,,False,True,133.88400000000001,"LINESTRING (153.0426759 -27.4644722, 153.0425948 -27.464409, 153.0425742 -27.464393, 153.0423532 -27.4642211, 153.0420992 -27.4640237, 153.0418894 -27.4638606, 153.0416548 -27.4636792)",Brunswick Street,50,4,
100927821,26336317,0,11346449,tertiary,,False,True,232.608,"LINESTRING (153.0426759 -27.4644722, 153.0427273 -27.464413, 153.0427457 -27.4643918, 153.0428614 -27.4642626, 153.04422 -27.4628919)",Annie Street,,,
100927821,11640495688,0,19569428,residential,,False,False,136.49599999999998,"LINESTRING (153.0426759 -27.4644722, 153.0426147 -27.4645432, 153.042579 -27.4645846, 153.0424887 -27.4646773, 153.0422291 -27.4649414, 153.041896 -27.4652796, 153.0418328 -27.4653438, 153.0417744 -27.465403)",Barker Street,,,
100927842,100927858,0,9559269,secondary,,False,False,66.369,"LINESTRING (153.04363 -27.4652122, 153.0441355 -27.465606)",Brunswick Street,50,4,
100927842,100927821,0,9559269,secondary,,False,True,125.029,"LINESTRING (153.04363 -27.4652122, 153.0427697 -27.4645465, 153.0427475 -27.4645289, 153.0426759 -27.4644722)",Brunswick Street,50,4,
100927842,2358200533,0,27600523,residential,,False,True,52.31999999999999,"LINESTRING (153.04363 -27.4652122, 153.0436689 -27.4651727, 153.0436913 -27.4651492, 153.0437275 -27.4651113, 153.0438169 -27.4650103, 153.0439043 -27.4649262, 153.0439734 -27.4648539)",Browne Street,,,
100927858,100927842,0,9559269,secondary,,False,True,66.369,"LINESTRING (153.0441355 -27.465606, 153.04363 -27.4652122)",Brunswick Street,50,4,
100927858,100927875,0,9559269,secondary,,False,False,102.961,"LINESTRING (153.0441355 -27.465606, 153.0443245 -27.4657518, 153.0449218 -27.4662148)",Brunswick Street,50,4,
100927858,100928202,0,11346450,residential,,False,False,136.14700000000002,"LINESTRING (153.0441355 -27.465606, 153.0440952 -27.4656493, 153.0440675 -27.4656784, 153.0440351 -27.4657125, 153.0439545 -27.4658072, 153.0436963 -27.4660805, 153.0433988 -27.4663786, 153.0433024 -27.4664787, 153.0432835 -27.4664982, 153.0432444 -27.4665405)",Langshaw Street,50,,
100927875,100927887,0,633545276,secondary,,False,False,23.011,"LINESTRING (153.0449218 -27.4662148, 153.0450968 -27.4663516)",Brunswick Street,40,,
100927875,100927858,0,9559269,secondary,,False,True,102.961,"LINESTRING (153.0449218 -27.4662148, 153.0443245 -27.4657518, 153.0441355 -27.465606)",Brunswick Street,50,4,
100927875,100950181,0,11348309,residential,,False,True,95.324,"LINESTRING (153.0449218 -27.4662148, 153.0449599 -27.466172, 153.0449822 -27.4661474, 153.045106 -27.4660107, 153.0453057 -27.4657993, 153.0454233 -27.4656747, 153.0455401 -27.4655562)",Villiers Street,,,
100927887,100927875,0,633545276,secondary,,False,True,23.011,"LINESTRING (153.0450968 -27.4663516, 153.0449218 -27.4662148)",Brunswick Street,40,,
100927887,100929041,0,11346453,residential,,False,True,67.892,"LINESTRING (153.0450968 -27.4663516, 153.0450576 -27.4663947, 153.0450362 -27.4664187, 153.0449119 -27.4665582, 153.0446584 -27.4668221)",Moreton Street,50,,
100927887,100927898,0,633545276,secondary,,False,False,137.322,"LINESTRING (153.0450968 -27.4663516, 153.0460344 -27.4670743, 153.0460539 -27.4670888, 153.0461492 -27.4671598)",Brunswick Street,40,,
100927898,100929065,0,11346464,tertiary,,False,False,68.472,"LINESTRING (153.0461492 -27.4671598, 153.0460787 -27.4672312, 153.0460608 -27.4672492, 153.045695 -27.4676254)",Merthyr Road,50,,
100927898,100950209,0,11348318,tertiary,,False,True,94.634,"LINESTRING (153.0461492 -27.4671598, 153.0462188 -27.4670872, 153.0462373 -27.4670678, 153.0465316 -27.4667689, 153.0467786 -27.4665176)",Merthyr Road,50,,
100927898,100927910,0,73532287,secondary,,False,False,121.232,"LINESTRING (153.0461492 -27.4671598, 153.0462329 -27.4672263, 153.0462546 -27.4672435, 153.0465479 -27.4674713, 153.0468048 -27.4676711, 153.0470724 -27.4678793)",Brunswick Street,40,,
100927898,100927887,0,633545276,secondary,,False,True,137.322,"LINESTRING (153.0461492 -27.4671598, 153.0460539 -27.4670888, 153.0460344 -27.4670743, 153.0450968 -27.4663516)",Brunswick Street,40,,
100927910,100950222,0,11348319,residential,,False,False,256.78299999999996,"LINESTRING (153.0470724 -27.4678793, 153.0471107 -27.4678402, 153.0471294 -27.4678213, 153.0475084 -27.4674385, 153.0480375 -27.4668969, 153.048781 -27.4661373)",Welsby Street,50,,
100927910,100927922,0,73532287,secondary,,False,False,114.84,"LINESTRING (153.0470724 -27.4678793, 153.0477822 -27.4684288, 153.0478774 -27.4685041, 153.0479096 -27.4685268, 153.0479285 -27.4685402, 153.0479512 -27.4685564)",Brunswick Street,40,,
100927910,100927898,0,73532287,secondary,,False,True,121.23199999999997,"LINESTRING (153.0470724 -27.4678793, 153.0468048 -27.4676711, 153.0465479 -27.4674713, 153.0462546 -27.4672435, 153.0462329 -27.4672263, 153.0461492 -27.4671598)",Brunswick Street,40,,
100927922,100927938,0,11346493,secondary,roundabout,True,False,9.676,"LINESTRING (153.0479512 -27.4685564, 153.047967 -27.4685461, 153.0479855 -27.4685403, 153.0480051 -27.4685397, 153.048024 -27.4685443, 153.0480406 -27.4685536)",,50,1,
100927922,100927910,0,73532287,secondary,,False,True,114.84,"LINESTRING (153.0479512 -27.4685564, 153.0479285 -27.4685402, 153.0479096 -27.4685268, 153.0478774 -27.4685041, 153.0477822 -27.4684288, 153.0470724 -27.4678793)",Brunswick Street,40,,
100927938,100927954,0,11346493,secondary,roundabout,True,False,10.443999999999999,"LINESTRING (153.0480406 -27.4685536, 153.0480541 -27.4685681, 153.0480617 -27.4685856, 153.0480627 -27.4686044, 153.0480568 -27.4686224, 153.0480448 -27.4686379)",,50,1,
100927938,100950225,0,11348321,residential,,False,True,251.274,"LINESTRING (153.0480406 -27.4685536, 153.0480595 -27.4685362, 153.0480859 -27.4685062, 153.0480966 -27.468494, 153.0481787 -27.4684131, 153.0485258 -27.4680559, 153.0490641 -27.4674955, 153.0491254 -27.4674317, 153.0495047 -27.4670631, 153.0495672 -27.4670111, 153.0495937 -27.4669455, 153.0496512 -27.4668843, 153.0496951 -27.4668428)",Sydney Street,50,,
100927954,100927968,0,11346490,secondary,,False,False,285.392,"LINESTRING (153.0480448 -27.4686379, 153.0480671 -27.4686534, 153.0480889 -27.4686688, 153.0481117 -27.468685, 153.0482189 -27.468767, 153.0484538 -27.4689501, 153.0492648 -27.469578, 153.0496789 -27.4699008, 153.050226 -27.4703236)",Brunswick Street,50,,
100927954,100929015,0,11346493,secondary,roundabout,True,False,10.152000000000001,"LINESTRING (153.0480448 -27.4686379, 153.0480283 -27.4686489, 153.0480089 -27.4686548, 153.0479883 -27.4686551, 153.0479687 -27.4686497, 153.0479518 -27.4686392)",,50,1,
100927968,100927954,0,11346490,secondary,,False,True,285.39200000000005,"LINESTRING (153.050226 -27.4703236, 153.0496789 -27.4699008, 153.0492648 -27.469578, 153.0484538 -27.4689501, 153.0482189 -27.468767, 153.0481117 -27.468685, 153.0480889 -27.4686688, 153.0480671 -27.4686534, 153.0480448 -27.4686379)",Brunswick Street,50,,
100928045,26336386,0,11346443,residential,,False,True,343.43499999999995,"LINESTRING (153.0409517 -27.4662584, 153.0408889 -27.4662202, 153.0408678 -27.4662038, 153.0406812 -27.4660584, 153.0406274 -27.4660023, 153.0406072 -27.4659485, 153.040507 -27.4656179, 153.0404874 -27.4655732, 153.0404616 -27.4655427, 153.0401865 -27.4652386, 153.0398917 -27.4648862, 153.039611 -27.4645182, 153.0393982 -27.464219, 153.0393817 -27.4641938, 153.0393761 -27.4641804, 153.0393738 -27.4641694, 153.0393746 -27.464157, 153.0393805 -27.4641385, 153.0393913 -27.4641193, 153.0394195 -27.4640851, 153.0394559 -27.4640485, 153.0395858 -27.4639133, 153.0396631 -27.4638257, 153.0396934 -27.4637927, 153.0397169 -27.4637671, 153.0397365 -27.463747)",Moray Street,50,,
100928045,499943068,0,19569428,residential,,False,True,54.608,"LINESTRING (153.0409517 -27.4662584, 153.0410092 -27.4661809, 153.0413072 -27.465883)",Barker Street,,,
100928045,499943491,0,73532286,residential,,False,False,96.588,"LINESTRING (153.0409517 -27.4662584, 153.0409355 -27.4663159, 153.0409371 -27.4663845, 153.0411338 -27.4671044)",Moray Street,50,,
100928063,100928077,0,73532286,residential,,False,False,66.403,"LINESTRING (153.0413194 -27.4677559, 153.0414877 -27.4683341)",Moray Street,50,,
100928063,499943491,0,73532286,residential,,False,True,74.722,"LINESTRING (153.0413194 -27.4677559, 153.0411338 -27.4671044)",Moray Street,50,,
100928063,100928335,0,11346452,residential,,False,False,60.734,"LINESTRING (153.0413194 -27.4677559, 153.0412622 -27.4677705, 153.0412356 -27.467782, 153.0412018 -27.4677967, 153.0408847 -27.4681268)",Julius Street,,,
100928077,100928063,0,73532286,residential,,False,True,66.403,"LINESTRING (153.0414877 -27.4683341, 153.0413194 -27.4677559)",Moray Street,50,,
100928077,499943083,0,11346450,residential,,False,True,87.87899999999999,"LINESTRING (153.0414877 -27.4683341, 153.0415537 -27.4682751, 153.0420778 -27.4677423)",Langshaw Street,50,,
100928077,100928095,0,73532286,residential,,False,False,133.03,"LINESTRING (153.0414877 -27.4683341, 153.0415218 -27.4684125, 153.0417276 -27.4687016, 153.0422031 -27.4693462)",Moray Street,50,,
100928095,100928394,0,11346453,residential,,False,False,51.083,"LINESTRING (153.0422031 -27.4693462, 153.0422608 -27.4692873, 153.0423064 -27.4692408, 153.0425428 -27.4689995)",Moreton Street,50,,
100928095,21592072,0,73532286,residential,,False,False,129.974,"LINESTRING (153.0422031 -27.4693462, 153.0428886 -27.4702763, 153.0429241 -27.4703245)",Moray Street,50,,
100928095,100928077,0,73532286,residential,,False,True,133.03,"LINESTRING (153.0422031 -27.4693462, 153.0417276 -27.4687016, 153.0415218 -27.4684125, 153.0414877 -27.4683341)",Moray Street,50,,
100928118,100928410,0,11346464,tertiary,,False,True,51.515,"LINESTRING (153.0430735 -27.4703207, 153.0434143 -27.4699697)",Merthyr Road,50,,
100928202,100928218,0,15381720,residential,,False,False,125.91,"LINESTRING (153.0432444 -27.4665405, 153.0442035 -27.4672875)",Bowen Terrace,50,,
100928202,303299369,0,11346450,residential,,False,False,73.646,"LINESTRING (153.0432444 -27.4665405, 153.0432048 -27.4665814, 153.0431695 -27.4666167, 153.0430759 -27.4667103, 153.0427495 -27.4670363)",Langshaw Street,50,,
100928202,100927858,0,11346450,residential,,False,True,136.14700000000002,"LINESTRING (153.0432444 -27.4665405, 153.0432835 -27.4664982, 153.0433024 -27.4664787, 153.0433988 -27.4663786, 153.0436963 -27.4660805, 153.0439545 -27.4658072, 153.0440351 -27.4657125, 153.0440675 -27.4656784, 153.0440952 -27.4656493, 153.0441355 -27.465606)",Langshaw Street,50,,
100928202,11640495688,0,15381720,residential,,False,True,192.44,"LINESTRING (153.0432444 -27.4665405, 153.0420872 -27.4656443, 153.041847 -27.4654587, 153.0418208 -27.4654384, 153.0417744 -27.465403)",Bowen Terrace,50,,
100928218,100928237,0,15381720,residential,,False,False,49.907,"LINESTRING (153.0442035 -27.4672875, 153.0445864 -27.4675808)",Bowen Terrace,50,,
100928218,100928202,0,15381720,residential,,False,True,125.91,"LINESTRING (153.0442035 -27.4672875, 153.0432444 -27.4665405)",Bowen Terrace,50,,
100928218,100929041,0,11346453,residential,,False,False,68.502,"LINESTRING (153.0442035 -27.4672875, 153.0442462 -27.4672445, 153.0442678 -27.4672222, 153.0443638 -27.4671233, 153.0446584 -27.4668221)",Moreton Street,50,,
100928218,100928369,0,11346453,residential,,False,True,136.206,"LINESTRING (153.0442035 -27.4672875, 153.044165 -27.4673279, 153.044141 -27.4673529, 153.0440468 -27.4674506, 153.0432998 -27.4682135)",Moreton Street,50,,
100928237,100928218,0,15381720,residential,,False,True,49.907,"LINESTRING (153.0445864 -27.4675808, 153.0442035 -27.4672875)",Bowen Terrace,50,,
100928237,100928451,0,11346463,residential,,False,True,136.582,"LINESTRING (153.0445864 -27.4675808, 153.0445238 -27.4676455, 153.0436848 -27.4685129)",Amity Street,50,,
100928237,100928269,0,15381720,residential,,False,False,86.075,"LINESTRING (153.0445864 -27.4675808, 153.045067 -27.4679526, 153.0451825 -27.4680375, 153.0452111 -27.4680586, 153.0452443 -27.4680889)",Bowen Terrace,50,,
100928269,100929089,0,11346464,tertiary,,False,False,98.399,"LINESTRING (153.0452443 -27.4680889, 153.0445912 -27.4687577)",Merthyr Road,50,,
100928269,100929065,0,11346464,tertiary,,False,True,68.07,"LINESTRING (153.0452443 -27.4680889, 153.0453038 -27.4680277, 153.045695 -27.4676254)",Merthyr Road,50,,
100928269,100928288,0,13861118,residential,,False,False,243.095,"LINESTRING (153.0452443 -27.4680889, 153.0452768 -27.4681221, 153.0453082 -27.4681461, 153.0454174 -27.4682296, 153.0469139 -27.4693876, 153.0470244 -27.4694732, 153.0470466 -27.4694903, 153.0471094 -27.4695112)",Lower Bowen Terrace,50,,
100928269,100928237,0,15381720,residential,,False,True,86.075,"LINESTRING (153.0452443 -27.4680889, 153.0452111 -27.4680586, 153.0451825 -27.4680375, 153.045067 -27.4679526, 153.0445864 -27.4675808)",Bowen Terrace,50,,
100928288,100928997,0,11346477,tertiary,,False,False,99.658,"LINESTRING (153.0471094 -27.4695112, 153.0464502 -27.4701903)",Sydney Street,50,,
100928288,100929015,0,11346477,tertiary,,False,True,127.71000000000001,"LINESTRING (153.0471094 -27.4695112, 153.0475857 -27.4690194, 153.0478253 -27.4687718, 153.0478874 -27.4687089, 153.0479223 -27.4686707, 153.0479377 -27.4686539, 153.0479518 -27.4686392)",Sydney Street,50,,
100928288,100928269,0,13861118,residential,,False,True,243.095,"LINESTRING (153.0471094 -27.4695112, 153.0470466 -27.4694903, 153.0470244 -27.4694732, 153.0469139 -27.4693876, 153.0454174 -27.4682296, 153.0453082 -27.4681461, 153.0452768 -27.4681221, 153.0452443 -27.4680889)",Lower Bowen Terrace,50,,
100928335,100928063,0,11346452,residential,,False,True,60.733999999999995,"LINESTRING (153.0408847 -27.4681268, 153.0412018 -27.4677967, 153.0412356 -27.467782, 153.0412622 -27.4677705, 153.0413194 -27.4677559)",Julius Street,,,
100928352,100928369,0,11346453,residential,,False,False,60.532,"LINESTRING (153.0429014 -27.4686275, 153.0432998 -27.4682135)",Moreton Street,50,,
100928352,100928394,0,11346453,residential,,False,True,54.431,"LINESTRING (153.0429014 -27.4686275, 153.0425428 -27.4689995)",Moreton Street,50,,
100928352,100928385,0,11346455,residential,,False,False,135.639,"LINESTRING (153.0429014 -27.4686275, 153.0438931 -27.4693932, 153.0439362 -27.4694305)",Abbott Street,50,,
100928369,100928352,0,11346453,residential,,False,True,60.532,"LINESTRING (153.0432998 -27.4682135, 153.0429014 -27.4686275)",Moreton Street,50,,
100928369,100928451,0,11346461,residential,,False,False,50.509,"LINESTRING (153.0432998 -27.4682135, 153.0436848 -27.4685129)",Watson Street,50,,
100928369,100928218,0,11346453,residential,,False,False,136.206,"LINESTRING (153.0432998 -27.4682135, 153.0440468 -27.4674506, 153.044141 -27.4673529, 153.044165 -27.4673279, 153.0442035 -27.4672875)",Moreton Street,50,,
100928385,130087805,0,11346464,tertiary,,False,False,53.019,"LINESTRING (153.0439362 -27.4694305, 153.0435867 -27.4697927)",Merthyr Road,50,,
100928385,100928470,0,11346464,tertiary,,False,True,60.921,"LINESTRING (153.0439362 -27.4694305, 153.0443409 -27.4690167)",Merthyr Road,50,,
100928385,100928352,0,11346455,residential,,False,True,135.639,"LINESTRING (153.0439362 -27.4694305, 153.0438931 -27.4693932, 153.0429014 -27.4686275)",Abbott Street,50,,
100928394,100928352,0,11346453,residential,,False,False,54.431,"LINESTRING (153.0425428 -27.4689995, 153.0429014 -27.4686275)",Moreton Street,50,,
100928394,100928095,0,11346453,residential,,False,True,51.083,"LINESTRING (153.0425428 -27.4689995, 153.0423064 -27.4692408, 153.0422608 -27.4692873, 153.0422031 -27.4693462)",Moreton Street,50,,
100928394,100928410,0,11346457,residential,,False,False,139.384,"LINESTRING (153.0425428 -27.4689995, 153.04265 -27.4690776, 153.0429037 -27.4692699, 153.0429259 -27.46929, 153.0429445 -27.4693109, 153.0433349 -27.4698564, 153.0433807 -27.4699201, 153.0434143 -27.4699697)",Samuel Street,50,,
100928410,100928118,0,11346464,tertiary,,False,False,51.515,"LINESTRING (153.0434143 -27.4699697, 153.0430735 -27.4703207)",Merthyr Road,50,,
100928410,130087805,0,11346464,tertiary,,False,True,26.013,"LINESTRING (153.0434143 -27.4699697, 153.0435867 -27.4697927)",Merthyr Road,50,,
100928410,100928394,0,11346457,residential,,False,True,139.38400000000001,"LINESTRING (153.0434143 -27.4699697, 153.0433807 -27.4699201, 153.0433349 -27.4698564, 153.0429445 -27.4693109, 153.0429259 -27.46929, 153.0429037 -27.4692699, 153.04265 -27.4690776, 153.0425428 -27.4689995)",Samuel Street,50,,
100928451,100928369,0,11346461,residential,,False,True,50.509,"LINESTRING (153.0436848 -27.4685129, 153.0432998 -27.4682135)",Watson Street,50,,
100928451,100928470,0,11346461,residential,,False,False,85.60499999999999,"LINESTRING (153.0436848 -27.4685129, 153.0442972 -27.4689838, 153.0443409 -27.4690167)",Watson Street,50,,
100928451,100928237,0,11346463,residential,,False,False,136.582,"LINESTRING (153.0436848 -27.4685129, 153.0445238 -27.4676455, 153.0445864 -27.4675808)",Amity Street,50,,
100928470,100928385,0,11346464,tertiary,,False,False,60.921,"LINESTRING (153.0443409 -27.4690167, 153.0439362 -27.4694305)",Merthyr Road,50,,
100928470,100929089,0,11346464,tertiary,,False,True,37.937,"LINESTRING (153.0443409 -27.4690167, 153.0445912 -27.4687577)",Merthyr Road,50,,
100928470,100928451,0,11346461,residential,,False,True,85.60499999999999,"LINESTRING (153.0443409 -27.4690167, 153.0442972 -27.4689838, 153.0436848 -27.4685129)",Watson Street,50,,
100928997,100928288,0,11346477,tertiary,,False,True,99.658,"LINESTRING (153.0464502 -27.4701903, 153.0471094 -27.4695112)",Sydney Street,50,,
100928997,100929089,0,11346498,residential,,False,True,243.038,"LINESTRING (153.0464502 -27.4701903, 153.0463969 -27.4701627, 153.0462832 -27.4700732, 153.0446622 -27.4688142, 153.0446402 -27.4687971, 153.0445912 -27.4687577)",Mark Street,50,,
100929015,100928288,0,11346477,tertiary,,False,False,127.71000000000001,"LINESTRING (153.0479518 -27.4686392, 153.0479377 -27.4686539, 153.0479223 -27.4686707, 153.0478874 -27.4687089, 153.0478253 -27.4687718, 153.0475857 -27.4690194, 153.0471094 -27.4695112)",Sydney Street,50,,
100929015,100927922,0,11346493,secondary,roundabout,True,False,10.197,"LINESTRING (153.0479518 -27.4686392, 153.0479395 -27.4686245, 153.0479329 -27.4686071, 153.0479328 -27.4685887, 153.0479391 -27.4685713, 153.0479512 -27.4685564)",,50,1,
100929041,100927887,0,11346453,residential,,False,False,67.892,"LINESTRING (153.0446584 -27.4668221, 153.0449119 -27.4665582, 153.0450362 -27.4664187, 153.0450576 -27.4663947, 153.0450968 -27.4663516)",Moreton Street,50,,
100929041,100928218,0,11346453,residential,,False,True,68.502,"LINESTRING (153.0446584 -27.4668221, 153.0443638 -27.4671233, 153.0442678 -27.4672222, 153.0442462 -27.4672445, 153.0442035 -27.4672875)",Moreton Street,50,,
100929041,100929065,0,11346496,residential,,False,False,135.788,"LINESTRING (153.0446584 -27.4668221, 153.0447542 -27.466898, 153.0456273 -27.467573, 153.0456477 -27.4675888, 153.045695 -27.4676254)",Hazel Street,50,,
100929065,100928269,0,11346464,tertiary,,False,False,68.07,"LINESTRING (153.045695 -27.4676254, 153.0453038 -27.4680277, 153.0452443 -27.4680889)",Merthyr Road,50,,
100929065,100927898,0,11346464,tertiary,,False,True,68.472,"LINESTRING (153.045695 -27.4676254, 153.0460608 -27.4672492, 153.0460787 -27.4672312, 153.0461492 -27.4671598)",Merthyr Road,50,,
100929065,100929041,0,11346496,residential,,False,True,135.788,"LINESTRING (153.045695 -27.4676254, 153.0456477 -27.4675888, 153.0456273 -27.467573, 153.0447542 -27.466898, 153.0446584 -27.4668221)",Hazel Street,50,,
100929089,100928470,0,11346464,tertiary,,False,False,37.937,"LINESTRING (153.0445912 -27.4687577, 153.0443409 -27.4690167)",Merthyr Road,50,,
100929089,100928269,0,11346464,tertiary,,False,True,98.399,"LINESTRING (153.0445912 -27.4687577, 153.0452443 -27.4680889)",Merthyr Road,50,,
100929089,100928997,0,11346498,residential,,False,False,243.038,"LINESTRING (153.0445912 -27.4687577, 153.0446402 -27.4687971, 153.0446622 -27.4688142, 153.0462832 -27.4700732, 153.0463969 -27.4701627, 153.0464502 -27.4701903)",Mark Street,50,,
100950118,21616792,0,28994289,tertiary,,False,False,100.763,"LINESTRING (153.0403789 -27.4571106, 153.0411441 -27.4577107)",James Street,50,2,
100950120,228462766,0,27600523,residential,,False,False,161.086,"LINESTRING (153.0459102 -27.4629062, 153.0448224 -27.4639865)",Browne Street,,,
100950120,100950126,0,11348307,residential,,False,False,166.27200000000002,"LINESTRING (153.0459102 -27.4629062, 153.0459679 -27.4629517, 153.0471025 -27.463846, 153.0471701 -27.4638993)",Byram Street,,,
100950120,200802216,0,27600523,residential,,False,True,113.138,"LINESTRING (153.0459102 -27.4629062, 153.0466114 -27.4621819, 153.0466574 -27.4621344)",Browne Street,,,
100950126,100950173,0,11348309,residential,,False,False,34.695,"LINESTRING (153.0471701 -27.4638993, 153.0469402 -27.4641354)",Villiers Street,,,
100950126,100950170,0,11348309,residential,,False,True,44.145,"LINESTRING (153.0471701 -27.4638993, 153.0474647 -27.4636005)",Villiers Street,,,
100950126,100950120,0,11348307,residential,,False,True,166.272,"LINESTRING (153.0471701 -27.4638993, 153.0471025 -27.463846, 153.0459679 -27.4629517, 153.0459102 -27.4629062)",Byram Street,,,
100950129,100950195,0,11348318,tertiary,,False,False,76.554,"LINESTRING (153.0492079 -27.4640423, 153.049148 -27.464104, 153.0487012 -27.4645637)",Merthyr Road,50,,
100950129,170851355,0,11348318,tertiary,,False,True,100.833,"LINESTRING (153.0492079 -27.4640423, 153.0492657 -27.4639831, 153.0498772 -27.463357)",Merthyr Road,50,,
100950129,26336326,0,27600522,tertiary,,False,True,160.886,"LINESTRING (153.0492079 -27.4640423, 153.0491443 -27.4639926, 153.0480718 -27.463154, 153.0479845 -27.4630857)",James Street,,,
100950129,100950130,0,28977080,tertiary,,False,False,120.51299999999999,"LINESTRING (153.0492079 -27.4640423, 153.0492752 -27.4640946, 153.0496192 -27.4643615, 153.0500465 -27.4646931, 153.0501282 -27.4647549)",Lamington Street,,,
100950130,170851357,0,"[16555874, 11348319]",residential,,False,False,224.223,"LINESTRING (153.0501282 -27.4647549, 153.0506749 -27.464175, 153.050715 -27.4641284, 153.0507278 -27.4641136, 153.0507376 -27.4640966, 153.0507505 -27.4640401, 153.0507299 -27.4639696, 153.0505214 -27.4635007, 153.0504711 -27.4634561, 153.0504269 -27.4634169, 153.0501745 -27.4631824, 153.050107 -27.4631197)","['Welsby Street', 'Gray Street']",50,,
100950130,100950222,0,11348319,residential,,False,True,203.304,"LINESTRING (153.0501282 -27.4647549, 153.050069 -27.4647998, 153.0493363 -27.4655606, 153.048781 -27.4661373)",Welsby Street,50,,
100950130,318625631,0,28977080,tertiary,,False,False,118.25300000000001,"LINESTRING (153.0501282 -27.4647549, 153.0506801 -27.4651748, 153.0508867 -27.4653299, 153.0510361 -27.4654491)",Lamington Street,,,
100950130,100950129,0,28977080,tertiary,,False,True,120.513,"LINESTRING (153.0501282 -27.4647549, 153.0500465 -27.4646931, 153.0496192 -27.4643615, 153.0492752 -27.4640946, 153.0492079 -27.4640423)",Lamington Street,,,
100950140,100960142,0,13860917,residential,,False,False,147.195,"LINESTRING (153.051634 -27.4665264, 153.0506487 -27.4675204)",Dixon Street,,,
100950140,100950144,0,28977082,tertiary,,False,False,69.475,"LINESTRING (153.051634 -27.4665264, 153.0521602 -27.4669416)",Lamington Street,,,
100950140,318625191,0,11349439,residential,,True,False,208.96300000000002,"LINESTRING (153.051634 -27.4665264, 153.0521482 -27.465996, 153.0521697 -27.4659485, 153.0521735 -27.4658978, 153.0521564 -27.4658405, 153.0518141 -27.4655781, 153.0517479 -27.4655262, 153.0516851 -27.465496, 153.0516132 -27.4654798, 153.0515193 -27.4654648, 153.0514254 -27.4654628, 153.0511809 -27.4654799, 153.0511544 -27.4654835)",Refinery Parade,,,
100950140,318625624,0,28977082,tertiary,,False,True,121.32499999999999,"LINESTRING (153.051634 -27.4665264, 153.0514035 -27.4663353, 153.0511217 -27.4655636)",Lamington Street,,,
100950144,100950140,0,28977082,tertiary,,False,True,69.475,"LINESTRING (153.0521602 -27.4669416, 153.051634 -27.4665264)",Lamington Street,,,
100950144,130077597,0,41519542,tertiary,,False,False,85.88,"LINESTRING (153.0521602 -27.4669416, 153.0528101 -27.4674554)",Lamington Street,,,
100950144,130077597,1,11349443,residential,,True,False,224.39899999999997,"LINESTRING (153.0521602 -27.4669416, 153.0525884 -27.4665002, 153.0526657 -27.4664658, 153.0527489 -27.4665015, 153.0532102 -27.4668799, 153.0532424 -27.4669347, 153.0532317 -27.4670108, 153.0528698 -27.4673925, 153.0528321 -27.4674322, 153.0528101 -27.4674554)",Hollins Crescent,,,
100950148,130077597,0,41519542,tertiary,,False,True,67.429,"LINESTRING (153.0533472 -27.4678304, 153.0528101 -27.4674554)",Lamington Street,,,
100950148,100950148,0,11348308,tertiary,roundabout,True,False,72.31699999999998,"LINESTRING (153.0533472 -27.4678304, 153.0533735 -27.4678047, 153.0534078 -27.4677881, 153.0534464 -27.4677824, 153.0534849 -27.4677883, 153.0535192 -27.4678051, 153.0535452 -27.467831, 153.0535603 -27.467863, 153.0535626 -27.4678976, 153.0535519 -27.467931, 153.0535294 -27.4679594, 153.0534965 -27.4679802, 153.0534576 -27.4679898, 153.0534219 -27.4679881, 153.0533884 -27.4679769, 153.0533589 -27.4679558, 153.0533384 -27.4679275, 153.0533292 -27.4678949, 153.0533323 -27.4678613, 153.0533472 -27.4678304)",Lamington Street,,,
100950165,100950170,0,11348309,residential,,False,False,40.182,"LINESTRING (153.0477297 -27.4633261, 153.0474647 -27.4636005)",Villiers Street,,,
100950165,26336326,0,11348309,residential,,False,True,36.714999999999996,"LINESTRING (153.0477297 -27.4633261, 153.0479165 -27.4631445, 153.0479367 -27.4631248, 153.0479845 -27.4630857)",Villiers Street,,,
100950165,100950191,0,11348311,residential,,False,False,96.325,"LINESTRING (153.0477297 -27.4633261, 153.0476585 -27.4632739, 153.0469772 -27.4627742)",Chambers Street,,,
100950170,100950126,0,11348309,residential,,False,False,44.145,"LINESTRING (153.0474647 -27.4636005, 153.0471701 -27.4638993)",Villiers Street,,,
100950170,100950165,0,11348309,residential,,False,True,40.182,"LINESTRING (153.0474647 -27.4636005, 153.0477297 -27.4633261)",Villiers Street,,,
100950170,100950195,0,11348312,residential,,False,False,162.34099999999998,"LINESTRING (153.0474647 -27.4636005, 153.0475314 -27.4636524, 153.048631 -27.464509, 153.0487012 -27.4645637)",Lechmere Street,,,
100950173,100950176,0,11348309,residential,,False,False,47.809,"LINESTRING (153.0469402 -27.4641354, 153.0466236 -27.4644609)",Villiers Street,,,
100950173,100950126,0,11348309,residential,,False,True,34.695,"LINESTRING (153.0469402 -27.4641354, 153.0471701 -27.4638993)",Villiers Street,,,
100950173,100950200,0,11348313,residential,,False,False,162.087,"LINESTRING (153.0469402 -27.4641354, 153.0470066 -27.4641877, 153.0481098 -27.4650564, 153.0481689 -27.465103)",Bailey Street,,,
100950176,100950178,0,11348309,residential,,False,False,36.039,"LINESTRING (153.0466236 -27.4644609, 153.0463867 -27.4647076)",Villiers Street,,,
100950176,100950173,0,11348309,residential,,False,True,47.809,"LINESTRING (153.0466236 -27.4644609, 153.0469402 -27.4641354)",Villiers Street,,,
100950176,100950187,0,11348310,residential,,False,False,96.99900000000001,"LINESTRING (153.0466236 -27.4644609, 153.046551 -27.464407, 153.0458698 -27.4639009)",Forth Street,,,
100950178,100950176,0,11348309,residential,,False,True,36.039,"LINESTRING (153.0463867 -27.4647076, 153.0466236 -27.4644609)",Villiers Street,,,
100950178,100950181,0,11348309,residential,,False,False,126.018,"LINESTRING (153.0463867 -27.4647076, 153.0458102 -27.4652854, 153.0455401 -27.4655562)",Villiers Street,,,
100950178,100950217,0,11348314,residential,,False,False,74.68199999999999,"LINESTRING (153.0463867 -27.4647076, 153.0464506 -27.4647561, 153.0469619 -27.4651442)",Charles Street,,,
100950181,100927875,0,11348309,residential,,False,False,95.324,"LINESTRING (153.0455401 -27.4655562, 153.0454233 -27.4656747, 153.0453057 -27.4657993, 153.045106 -27.4660107, 153.0449822 -27.4661474, 153.0449599 -27.466172, 153.0449218 -27.4662148)",Villiers Street,,,
100950181,100950178,0,11348309,residential,,False,True,126.018,"LINESTRING (153.0455401 -27.4655562, 153.0458102 -27.4652854, 153.0463867 -27.4647076)",Villiers Street,,,
100950181,100950212,0,11348316,residential,,False,False,76.703,"LINESTRING (153.0455401 -27.4655562, 153.0456163 -27.4656142, 153.0461301 -27.4660054)",Hickey Street,,,
100950187,100950176,0,11348310,residential,,False,True,96.99900000000001,"LINESTRING (153.0458698 -27.4639009, 153.046551 -27.464407, 153.0466236 -27.4644609)",Forth Street,,,
100950191,100950165,0,11348311,residential,,False,True,96.325,"LINESTRING (153.0469772 -27.4627742, 153.0476585 -27.4632739, 153.0477297 -27.4633261)",Chambers Street,,,
100950195,100950200,0,11348318,tertiary,,False,False,79.714,"LINESTRING (153.0487012 -27.4645637, 153.0481689 -27.465103)",Merthyr Road,50,,
100950195,100950170,0,11348312,residential,,False,True,162.341,"LINESTRING (153.0487012 -27.4645637, 153.048631 -27.464509, 153.0475314 -27.4636524, 153.0474647 -27.4636005)",Lechmere Street,,,
100950195,100950129,0,11348318,tertiary,,False,True,76.554,"LINESTRING (153.0487012 -27.4645637, 153.049148 -27.464104, 153.0492079 -27.4640423)",Merthyr Road,50,,
100950200,100950223,0,11348318,tertiary,,False,False,46.952,"LINESTRING (153.0481689 -27.465103, 153.0478562 -27.4654213)",Merthyr Road,50,,
100950200,100950195,0,11348318,tertiary,,False,True,79.714,"LINESTRING (153.0481689 -27.465103, 153.0487012 -27.4645637)",Merthyr Road,50,,
100950200,100950173,0,11348313,residential,,False,True,162.087,"LINESTRING (153.0481689 -27.465103, 153.0481098 -27.4650564, 153.0470066 -27.4641877, 153.0469402 -27.4641354)",Bailey Street,,,
100950204,303071943,0,11348318,tertiary,,False,False,45.719,"LINESTRING (153.0476318 -27.4656491, 153.0473283 -27.4659598)",Merthyr Road,50,,
100950204,100950223,0,11348318,tertiary,,False,True,33.642,"LINESTRING (153.0476318 -27.4656491, 153.0478562 -27.4654213)",Merthyr Road,50,,
100950204,100950217,0,11348314,residential,,False,True,86.72,"LINESTRING (153.0476318 -27.4656491, 153.047573 -27.4656048, 153.0469619 -27.4651442)",Charles Street,,,
100950209,100950212,0,11348316,residential,,False,True,85.659,"LINESTRING (153.0467786 -27.4665176, 153.0461301 -27.4660054)",Hickey Street,,,
100950209,100927898,0,11348318,tertiary,,False,False,94.634,"LINESTRING (153.0467786 -27.4665176, 153.0465316 -27.4667689, 153.0462373 -27.4670678, 153.0462188 -27.4670872, 153.0461492 -27.4671598)",Merthyr Road,50,,
100950209,303071943,0,11348318,tertiary,,False,True,82.393,"LINESTRING (153.0467786 -27.4665176, 153.0470989 -27.4661902, 153.0473283 -27.4659598)",Merthyr Road,50,,
100950212,100950209,0,11348316,residential,,False,False,85.659,"LINESTRING (153.0461301 -27.4660054, 153.0467786 -27.4665176)",Hickey Street,,,
100950212,303071936,0,11348317,residential,,False,False,82.292,"LINESTRING (153.0461301 -27.4660054, 153.0466741 -27.4654444)",Cross Street,,,
100950212,100950181,0,11348316,residential,,False,True,76.703,"LINESTRING (153.0461301 -27.4660054, 153.0456163 -27.4656142, 153.0455401 -27.4655562)",Hickey Street,,,
100950217,100950204,0,11348314,residential,,False,False,86.72,"LINESTRING (153.0469619 -27.4651442, 153.047573 -27.4656048, 153.0476318 -27.4656491)",Charles Street,,,
100950217,100950178,0,11348314,residential,,False,True,74.68199999999999,"LINESTRING (153.0469619 -27.4651442, 153.0464506 -27.4647561, 153.0463867 -27.4647076)",Charles Street,,,
100950217,303071936,0,11348317,residential,,False,True,43.824,"LINESTRING (153.0469619 -27.4651442, 153.0469095 -27.4651989, 153.0466741 -27.4654444)",Cross Street,,,
100950222,100950130,0,11348319,residential,,False,False,203.304,"LINESTRING (153.048781 -27.4661373, 153.0493363 -27.4655606, 153.050069 -27.4647998, 153.0501282 -27.4647549)",Welsby Street,50,,
100950222,100927910,0,11348319,residential,,False,True,256.783,"LINESTRING (153.048781 -27.4661373, 153.0480375 -27.4668969, 153.0475084 -27.4674385, 153.0471294 -27.4678213, 153.0471107 -27.4678402, 153.0470724 -27.4678793)",Welsby Street,50,,
100950222,100950225,0,11348320,residential,,False,False,119.531,"LINESTRING (153.048781 -27.4661373, 153.0488455 -27.4661871, 153.0496951 -27.4668428)",Alford Street,,,
100950222,100950223,0,11348320,residential,,False,True,121.095,"LINESTRING (153.048781 -27.4661373, 153.0487089 -27.4660814, 153.0479215 -27.4654719, 153.0478562 -27.4654213)",Alford Street,,,
100950223,100950204,0,11348318,tertiary,,False,False,33.642,"LINESTRING (153.0478562 -27.4654213, 153.0476318 -27.4656491)",Merthyr Road,50,,
100950223,100950200,0,11348318,tertiary,,False,True,46.952,"LINESTRING (153.0478562 -27.4654213, 153.0481689 -27.465103)",Merthyr Road,50,,
100950223,100950222,0,11348320,residential,,False,False,121.095,"LINESTRING (153.0478562 -27.4654213, 153.0479215 -27.4654719, 153.0487089 -27.4660814, 153.048781 -27.4661373)",Alford Street,,,
100950225,100950222,0,11348320,residential,,False,True,119.531,"LINESTRING (153.0496951 -27.4668428, 153.0488455 -27.4661871, 153.048781 -27.4661373)",Alford Street,,,
100950225,100927938,0,11348321,residential,,False,False,251.274,"LINESTRING (153.0496951 -27.4668428, 153.0496512 -27.4668843, 153.0495937 -27.4669455, 153.0495672 -27.4670111, 153.0495047 -27.4670631, 153.0491254 -27.4674317, 153.0490641 -27.4674955, 153.0485258 -27.4680559, 153.0481787 -27.4684131, 153.0480966 -27.468494, 153.0480859 -27.4685062, 153.0480595 -27.4685362, 153.0480406 -27.4685536)",Sydney Street,50,,
100950225,318625627,0,11348321,residential,,False,True,194.696,"LINESTRING (153.0496951 -27.4668428, 153.0497383 -27.4668037, 153.0498209 -27.4667509, 153.0499008 -27.4666611, 153.0502512 -27.466296, 153.050996 -27.4655921, 153.051028 -27.4655554)",Sydney Street,50,,
100960142,100950140,0,13860917,residential,,False,True,147.195,"LINESTRING (153.0506487 -27.4675204, 153.051634 -27.4665264)",Dixon Street,,,
130077597,100950148,0,41519542,tertiary,,False,False,67.429,"LINESTRING (153.0528101 -27.4674554, 153.0533472 -27.4678304)",Lamington Street,,,
130077597,100950144,0,41519542,tertiary,,False,True,85.88,"LINESTRING (153.0528101 -27.4674554, 153.0521602 -27.4669416)",Lamington Street,,,
130077597,3798145737,0,13860887,residential,,True,False,57.19199999999999,"LINESTRING (153.0528101 -27.4674554, 153.0526017 -27.4676583, 153.0524989 -27.4677526, 153.0524365 -27.4677895, 153.0523891 -27.4677876)",Hopetoun Way,,,
130087805,100928410,0,11346464,tertiary,,False,False,26.013,"LINESTRING (153.0435867 -27.4697927, 153.0434143 -27.4699697)",Merthyr Road,50,,
130087805,100928385,0,11346464,tertiary,,False,True,53.019,"LINESTRING (153.0435867 -27.4697927, 153.0439362 -27.4694305)",Merthyr Road,50,,
130087805,130087812,0,13861126,residential,,False,False,77.044,"LINESTRING (153.0435867 -27.4697927, 153.0436329 -27.4698283, 153.0436535 -27.4698441, 153.0441779 -27.4702454)",Reginald Street,50,,
130087812,130087805,0,13861126,residential,,False,True,77.04400000000001,"LINESTRING (153.0441779 -27.4702454, 153.0436535 -27.4698441, 153.0436329 -27.4698283, 153.0435867 -27.4697927)",Reginald Street,50,,
170851355,170851357,0,11348318,tertiary,,False,True,34.79,"LINESTRING (153.0498772 -27.463357, 153.050107 -27.4631197)",Merthyr Road,50,,
170851355,26336327,0,27600520,residential,,False,True,159.956,"LINESTRING (153.0498772 -27.463357, 153.0486631 -27.4624037)",Hawthorne Street,,,
170851355,100950129,0,11348318,tertiary,,False,False,100.833,"LINESTRING (153.0498772 -27.463357, 153.0492657 -27.4639831, 153.0492079 -27.4640423)",Merthyr Road,50,,
170851357,170851355,0,11348318,tertiary,,False,False,34.79,"LINESTRING (153.050107 -27.4631197, 153.0498772 -27.463357)",Merthyr Road,50,,
170851357,100950130,0,"[16555874, 11348319]",residential,,False,True,224.223,"LINESTRING (153.050107 -27.4631197, 153.0501745 -27.4631824, 153.0504269 -27.4634169, 153.0504711 -27.4634561, 153.0505214 -27.4635007, 153.0507299 -27.4639696, 153.0507505 -27.4640401, 153.0507376 -27.4640966, 153.0507278 -27.4641136, 153.050715 -27.4641284, 153.0506749 -27.464175, 153.0501282 -27.4647549)","['Welsby Street', 'Gray Street']",50,,
170851357,170851484,0,16556088,tertiary,,False,True,37.979,"LINESTRING (153.050107 -27.4631197, 153.0502236 -27.4629929, 153.0502494 -27.4629349, 153.0502655 -27.4628778, 153.0502621 -27.4628212)",Merthyr Road,,,
170851484,778867198,0,16555724,residential,,False,False,53.3,"LINESTRING (153.0502621 -27.4628212, 153.0503274 -27.4628156, 153.050366 -27.4628123, 153.0503962 -27.4628052, 153.0504437 -27.4627809, 153.0506755 -27.4625485)",Riverview Court,,,
170851484,170851357,0,16556088,tertiary,,False,False,37.979,"LINESTRING (153.0502621 -27.4628212, 153.0502655 -27.4628778, 153.0502494 -27.4629349, 153.0502236 -27.4629929, 153.050107 -27.4631197)",Merthyr Road,,,
170851484,170856227,0,16556088,tertiary,,False,True,61.686,"LINESTRING (153.0502621 -27.4628212, 153.0502562 -27.4627591, 153.0502489 -27.4626571, 153.050224 -27.4622675)",Merthyr Road,,,
170856227,170851484,0,16556088,tertiary,,False,False,61.686,"LINESTRING (153.050224 -27.4622675, 153.0502489 -27.4626571, 153.0502562 -27.4627591, 153.0502621 -27.4628212)",Merthyr Road,,,
170856227,200799161,0,19325262,residential,,False,False,110.24799999999999,"LINESTRING (153.050224 -27.4622675, 153.0501471 -27.4622701, 153.0501324 -27.4622706, 153.0501208 -27.462271, 153.0500839 -27.4622722, 153.0500014 -27.462252, 153.049337 -27.4617244)",Kingsholme Street,50,,
170856227,201313808,0,28977081,tertiary,,False,False,157.172,"LINESTRING (153.050224 -27.4622675, 153.05013 -27.460985, 153.0501287 -27.4609678, 153.0501268 -27.4609416, 153.0501206 -27.460857)",Macquarie Street,50,,
170856232,201289579,0,"[19361176, 19362906]",residential,,False,False,277.852,"LINESTRING (153.0501088 -27.4590301, 153.0500339 -27.4590292, 153.0500173 -27.459029, 153.0495483 -27.4590234, 153.0493373 -27.4590144, 153.0492302 -27.4589888, 153.0487373 -27.4588142, 153.0486734 -27.4588029, 153.0479626 -27.4589817, 153.0477461 -27.4590341, 153.047389 -27.4591334)",Beeston Street,,,
170856232,201313808,0,28977081,tertiary,,False,True,203.187,"LINESTRING (153.0501088 -27.4590301, 153.050108 -27.459091, 153.0501074 -27.459138, 153.0501074 -27.4591529, 153.0501074 -27.4591782, 153.0501081 -27.460678, 153.0501124 -27.4607738, 153.0501194 -27.4608463, 153.0501206 -27.460857)",Macquarie Street,50,,
200760369,318625512,0,28977069,residential,,False,True,63.231,"LINESTRING (153.0452102 -27.4577619, 153.0447261 -27.4573893)",Chester Street,,,
200760369,26336329,0,"[19677443, 28977069]",residential,,False,"[False, True]",57.808,"LINESTRING (153.0452102 -27.4577619, 153.0455016 -27.4579925, 153.0455093 -27.4579986, 153.0455308 -27.4580225, 153.0455439 -27.4580511, 153.0455395 -27.4580757, 153.0455299 -27.4581004, 153.0454914 -27.4581393)","['Chester Street', 'Gibbon Street']",,,
200762420,26336329,0,19321599,residential,,False,True,32.312,"LINESTRING (153.045738 -27.4583305, 153.0454914 -27.4581393)",Little Chester Street,,,
200762420,201214373,0,19357817,residential,,False,False,73.603,"LINESTRING (153.045738 -27.4583305, 153.046233 -27.4578353)",Ellis Street,,,
200762420,318624938,0,19321599,residential,,False,False,124.098,"LINESTRING (153.045738 -27.4583305, 153.0459717 -27.4585033, 153.0463061 -27.4587507, 153.0464497 -27.4588536, 153.0467784 -27.4588032)",Little Chester Street,,,
200798028,303071985,0,27600510,tertiary,roundabout,True,False,12.347000000000001,"LINESTRING (153.0466535 -27.4620392, 153.0466723 -27.4620246, 153.0466953 -27.4620158, 153.0467202 -27.4620138, 153.0467447 -27.4620187, 153.0467662 -27.46203)",,,,
200798028,26336320,0,28977079,tertiary,,False,True,117.87899999999999,"LINESTRING (153.0466535 -27.4620392, 153.046603 -27.4619993, 153.0459356 -27.461471, 153.0457587 -27.4613368)",James Street,,,
200798029,200802216,0,27600510,tertiary,roundabout,True,False,12.994,"LINESTRING (153.0467752 -27.4621321, 153.0467547 -27.4621468, 153.04673 -27.4621549, 153.0467037 -27.4621554, 153.0466786 -27.4621483, 153.0466574 -27.4621344)",,,,
200798029,26336326,0,27600522,tertiary,,False,False,159.62400000000002,"LINESTRING (153.0467752 -27.4621321, 153.0468123 -27.4621613, 153.0478998 -27.4630189, 153.0479845 -27.4630857)",James Street,,,
200798413,26336338,0,19325206,residential,,False,True,79.141,"LINESTRING (153.046953 -27.4601152, 153.0464322 -27.4606565)",Annie Street,,,
200798413,201283568,0,19363597,residential,,True,False,19.412999999999997,"LINESTRING (153.046953 -27.4601152, 153.046994 -27.460033, 153.0469942 -27.4599483)",Annie Street,,,
200799161,26336327,0,11348309,residential,,False,False,100.63,"LINESTRING (153.049337 -27.4617244, 153.0486631 -27.4624037)",Villiers Street,,,
200799161,200799162,0,19325262,residential,,False,False,27.063,"LINESTRING (153.049337 -27.4617244, 153.0491317 -27.461563)",Kingsholme Street,50,,
200799161,170856227,0,19325262,residential,,False,True,110.24799999999999,"LINESTRING (153.049337 -27.4617244, 153.0500014 -27.462252, 153.0500839 -27.4622722, 153.0501208 -27.462271, 153.0501324 -27.4622706, 153.0501471 -27.4622701, 153.050224 -27.4622675)",Kingsholme Street,50,,
200799162,200799166,0,19325262,residential,,False,False,88.215,"LINESTRING (153.0491317 -27.461563, 153.048455 -27.4610445)",Kingsholme Street,50,,
200799162,200799161,0,19325262,residential,,False,True,27.063,"LINESTRING (153.0491317 -27.461563, 153.049337 -27.4617244)",Kingsholme Street,50,,
200799162,201287031,0,19362775,residential,,False,False,70.812,"LINESTRING (153.0491317 -27.461563, 153.0491743 -27.4615224, 153.0491915 -27.4615004, 153.0492004 -27.4614722, 153.0491639 -27.4609479)",Tilbrook Street,,,
200799166,200799170,0,19325262,residential,,False,False,53.138,"LINESTRING (153.048455 -27.4610445, 153.0480418 -27.460738)",Kingsholme Street,50,,
200799166,200799162,0,19325262,residential,,False,True,88.215,"LINESTRING (153.048455 -27.4610445, 153.0491317 -27.461563)",Kingsholme Street,50,,
200799166,201287031,0,19364510,residential,,False,False,71.51,"LINESTRING (153.048455 -27.4610445, 153.0485649 -27.4609993, 153.0486605 -27.4609756, 153.0491639 -27.4609479)",Hastings Street,,,
200799170,200799171,0,19325262,residential,,False,False,31.13,"LINESTRING (153.0480418 -27.460738, 153.0478012 -27.4605569)",Kingsholme Street,50,,
200799170,200799166,0,19325262,residential,,False,True,53.138,"LINESTRING (153.0480418 -27.460738, 153.048455 -27.4610445)",Kingsholme Street,50,,
200799170,26336340,0,19362636,residential,,False,True,97.684,"LINESTRING (153.0480418 -27.460738, 153.0473911 -27.4614001)",Browne Street,,,
200799171,201283573,0,19325262,residential,,False,False,66.105,"LINESTRING (153.0478012 -27.4605569, 153.0473139 -27.4601489)",Kingsholme Street,50,,
200799171,200799170,0,19325262,residential,,False,True,31.13,"LINESTRING (153.0478012 -27.4605569, 153.0480418 -27.460738)",Kingsholme Street,50,,
200799171,203237971,0,19569406,residential,,False,False,61.367999999999995,"LINESTRING (153.0478012 -27.4605569, 153.0479297 -27.4605753, 153.0482997 -27.4608628)",Kingsholme Street,,,
200802216,200798028,0,27600510,tertiary,roundabout,True,False,11.564,"LINESTRING (153.0466574 -27.4621344, 153.0466437 -27.4621175, 153.0466362 -27.4620979, 153.0466353 -27.4620771, 153.0466412 -27.462057, 153.0466535 -27.4620392)",,,,
200802216,100950120,0,27600523,residential,,False,False,113.138,"LINESTRING (153.0466574 -27.4621344, 153.0466114 -27.4621819, 153.0459102 -27.4629062)",Browne Street,,,
201214373,200762420,0,19357817,residential,,False,True,73.603,"LINESTRING (153.046233 -27.4578353, 153.045738 -27.4583305)",Ellis Street,,,
201214373,201273130,0,19359685,residential,,False,True,21.58,"LINESTRING (153.046233 -27.4578353, 153.046396 -27.4579647)",Ellis Street,,,
201214373,6654284506,0,"[1065761872, 19359685]",residential,,False,False,43.62499999999999,"LINESTRING (153.046233 -27.4578353, 153.0460472 -27.4576915, 153.0459678 -27.4577658, 153.0459439 -27.4577741, 153.0459209 -27.4577756, 153.0458917 -27.4577652)",Ellis Street,,,3
201273130,201214373,0,19359685,residential,,False,False,21.58,"LINESTRING (153.046396 -27.4579647, 153.046233 -27.4578353)",Ellis Street,,,
201283568,26336349,0,131486593,residential,,True,False,79.90899999999999,"LINESTRING (153.0469942 -27.4599483, 153.0467367 -27.459735, 153.0465993 -27.4596513, 153.0464277 -27.4595751, 153.0463305 -27.4595581)",Kingsholme Street,50,,
201283569,201283568,0,19363092,residential,,True,False,17.958,"LINESTRING (153.0471229 -27.4600625, 153.0469942 -27.4599483)",Kingsholme Street,,,
201283569,200798413,0,19363615,residential,,True,False,17.759999999999998,"LINESTRING (153.0471229 -27.4600625, 153.0470456 -27.4600854, 153.046953 -27.4601152)",Annie Street,,,
201283573,200799171,0,19325262,residential,,False,True,66.105,"LINESTRING (153.0473139 -27.4601489, 153.0478012 -27.4605569)",Kingsholme Street,50,,
201283573,201283569,0,19363092,residential,,True,False,22.096,"LINESTRING (153.0473139 -27.4601489, 153.0472342 -27.4601436, 153.0471229 -27.4600625)",Kingsholme Street,,,
201283573,201287031,0,"[19364908, 19364510]",residential,,False,True,328.40500000000003,"LINESTRING (153.0473139 -27.4601489, 153.0473675 -27.4600909, 153.0479756 -27.4599128, 153.0480369 -27.4599281, 153.0482804 -27.4600772, 153.0483532 -27.4600953, 153.0492429 -27.4600549, 153.0493116 -27.4600701, 153.0493373 -27.4601311, 153.04942 -27.4608815, 153.0494013 -27.4609125, 153.0493473 -27.4609351, 153.0492977 -27.4609428, 153.0491639 -27.4609479)","['Crase Street', 'Hastings Street']",,,
201287031,200799162,0,19362775,residential,,False,True,70.81200000000001,"LINESTRING (153.0491639 -27.4609479, 153.0492004 -27.4614722, 153.0491915 -27.4615004, 153.0491743 -27.4615224, 153.0491317 -27.461563)",Tilbrook Street,,,
201287031,201283573,0,"[19364908, 19364510]",residential,,False,False,328.405,"LINESTRING (153.0491639 -27.4609479, 153.0492977 -27.4609428, 153.0493473 -27.4609351, 153.0494013 -27.4609125, 153.04942 -27.4608815, 153.0493373 -27.4601311, 153.0493116 -27.4600701, 153.0492429 -27.4600549, 153.0483532 -27.4600953, 153.0482804 -27.4600772, 153.0480369 -27.4599281, 153.0479756 -27.4599128, 153.0473675 -27.4600909, 153.0473139 -27.4601489)","['Crase Street', 'Hastings Street']",,,
201287031,200799166,0,19364510,residential,,False,True,71.51,"LINESTRING (153.0491639 -27.4609479, 153.0486605 -27.4609756, 153.0485649 -27.4609993, 153.048455 -27.4610445)",Hastings Street,,,
201289579,203237869,0,19362906,residential,,False,False,36.234,"LINESTRING (153.047389 -27.4591334, 153.0472253 -27.4591825, 153.0470398 -27.4592342)",Beeston Street,,,
201289579,203237869,1,19569392,residential,,False,False,51.821000000000005,"LINESTRING (153.047389 -27.4591334, 153.0474233 -27.4592095, 153.0473976 -27.4592476, 153.0472173 -27.4593009, 153.0470398 -27.4592342)",,,,
201289579,170856232,0,"[19361176, 19362906]",residential,,False,True,277.85200000000003,"LINESTRING (153.047389 -27.4591334, 153.0477461 -27.4590341, 153.0479626 -27.4589817, 153.0486734 -27.4588029, 153.0487373 -27.4588142, 153.0492302 -27.4589888, 153.0493373 -27.4590144, 153.0495483 -27.4590234, 153.0500173 -27.459029, 153.0500339 -27.4590292, 153.0501088 -27.4590301)",Beeston Street,,,
201294786,26336349,0,28977070,residential,,False,False,4.791,"LINESTRING (153.0463427 -27.4595164, 153.0463305 -27.4595581)",Beeston Street,,,
201294786,201283573,0,19569305,residential,,True,False,126.37800000000001,"LINESTRING (153.0463427 -27.4595164, 153.0465392 -27.4595218, 153.0466165 -27.4595294, 153.0466937 -27.4595599, 153.0472984 -27.460078, 153.0473139 -27.4601489)",Kingsholme Street,50,,
201294786,203237869,0,28977070,residential,,False,True,78.25999999999999,"LINESTRING (153.0463427 -27.4595164, 153.0463648 -27.4594703, 153.0463936 -27.4594353, 153.0464346 -27.4594111, 153.0467175 -27.4593119, 153.0468568 -27.4592705, 153.0470398 -27.4592342)",Beeston Street,,,
201313805,201313808,0,19569423,residential,,False,False,43.785999999999994,"LINESTRING (153.0496793 -27.4608983, 153.0500192 -27.4608646, 153.050051 -27.4608615, 153.0501206 -27.460857)",Hastings Street,,,
201313808,201313805,0,19569423,residential,,False,True,43.786,"LINESTRING (153.0501206 -27.460857, 153.050051 -27.4608615, 153.0500192 -27.4608646, 153.0496793 -27.4608983)",Hastings Street,,,
201313808,170856232,0,28977081,tertiary,,False,False,203.187,"LINESTRING (153.0501206 -27.460857, 153.0501194 -27.4608463, 153.0501124 -27.4607738, 153.0501081 -27.460678, 153.0501074 -27.4591782, 153.0501074 -27.4591529, 153.0501074 -27.459138, 153.050108 -27.459091, 153.0501088 -27.4590301)",Macquarie Street,50,,
201313808,170856227,0,28977081,tertiary,,False,True,157.172,"LINESTRING (153.0501206 -27.460857, 153.0501268 -27.4609416, 153.0501287 -27.4609678, 153.05013 -27.460985, 153.050224 -27.4622675)",Macquarie Street,50,,
203237869,201289579,0,19362906,residential,,False,True,36.234,"LINESTRING (153.0470398 -27.4592342, 153.0472253 -27.4591825, 153.047389 -27.4591334)",Beeston Street,,,
203237869,201289579,1,19569392,residential,,False,True,51.821,"LINESTRING (153.0470398 -27.4592342, 153.0472173 -27.4593009, 153.0473976 -27.4592476, 153.0474233 -27.4592095, 153.047389 -27.4591334)",,,,
203237869,201294786,0,28977070,residential,,False,False,78.25999999999999,"LINESTRING (153.0470398 -27.4592342, 153.0468568 -27.4592705, 153.0467175 -27.4593119, 153.0464346 -27.4594111, 153.0463936 -27.4594353, 153.0463648 -27.4594703, 153.0463427 -27.4595164)",Beeston Street,,,
203237971,200799171,0,19569406,residential,,False,True,61.367999999999995,"LINESTRING (153.0482997 -27.4608628, 153.0479297 -27.4605753, 153.0478012 -27.4605569)",Kingsholme Street,,,
228462766,2358200533,0,27600523,residential,,False,False,127.747,"LINESTRING (153.0448224 -27.4639865, 153.0439734 -27.4648539)",Browne Street,,,
228462766,100950120,0,27600523,residential,,False,True,161.086,"LINESTRING (153.0448224 -27.4639865, 153.0459102 -27.4629062)",Browne Street,,,
228462766,228464712,0,21241033,residential,,False,False,163.88299999999998,"LINESTRING (153.0448224 -27.4639865, 153.0448945 -27.4640387, 153.0449214 -27.4640582, 153.0452856 -27.4643422, 153.0452929 -27.4643862, 153.0446367 -27.4650537)",Wynberg Lane,,,
228463674,2358200533,0,21240973,residential,,False,True,42.421,"LINESTRING (153.0442968 -27.4651053, 153.0440383 -27.4649043, 153.0439734 -27.4648539)",Beattie Lane,,,
228464712,228462766,0,21241033,residential,,False,True,163.883,"LINESTRING (153.0446367 -27.4650537, 153.0452929 -27.4643862, 153.0452856 -27.4643422, 153.0449214 -27.4640582, 153.0448945 -27.4640387, 153.0448224 -27.4639865)",Wynberg Lane,,,
303071803,303071806,0,27600511,residential,,False,False,56.483,"LINESTRING (153.0414335 -27.4614947, 153.0418655 -27.461828)",Lloyd Street,,,
303071806,26336315,0,8028134,residential,,False,False,64.581,"LINESTRING (153.0418655 -27.461828, 153.0423006 -27.4613941)",Terrace Street,,,
303071806,303071989,0,8028134,residential,,False,True,115.223,"LINESTRING (153.0418655 -27.461828, 153.0410931 -27.4626052)",Terrace Street,,,
303071806,303071803,0,27600511,residential,,False,True,56.483,"LINESTRING (153.0418655 -27.461828, 153.0414335 -27.4614947)",Lloyd Street,,,
303071806,303071807,0,27600517,residential,,False,False,57.948,"LINESTRING (153.0418655 -27.461828, 153.042305 -27.4621737)",Lime Street,,,
303071807,303071806,0,27600517,residential,,False,True,57.948,"LINESTRING (153.042305 -27.4621737, 153.0418655 -27.461828)",Lime Street,,,
303071808,303071989,0,27600504,residential,,False,False,54.687000000000005,"LINESTRING (153.0406785 -27.4622788, 153.0408637 -27.4624246, 153.0409798 -27.462516, 153.0410931 -27.4626052)",,,,
303071936,100950212,0,11348317,residential,,False,True,82.292,"LINESTRING (153.0466741 -27.4654444, 153.0461301 -27.4660054)",Cross Street,,,
303071936,303071943,0,27600514,residential,,False,False,86.316,"LINESTRING (153.0466741 -27.4654444, 153.0473283 -27.4659598)",Gertrude Street,,,
303071936,100950217,0,11348317,residential,,False,False,43.824,"LINESTRING (153.0466741 -27.4654444, 153.0469095 -27.4651989, 153.0469619 -27.4651442)",Cross Street,,,
303071943,100950204,0,11348318,tertiary,,False,True,45.719,"LINESTRING (153.0473283 -27.4659598, 153.0476318 -27.4656491)",Merthyr Road,50,,
303071943,303071936,0,27600514,residential,,False,True,86.316,"LINESTRING (153.0473283 -27.4659598, 153.0466741 -27.4654444)",Gertrude Street,,,
303071943,100950209,0,11348318,tertiary,,False,False,82.393,"LINESTRING (153.0473283 -27.4659598, 153.0470989 -27.4661902, 153.0467786 -27.4665176)",Merthyr Road,50,,
303071985,26336340,0,27600521,residential,,False,False,93.313,"LINESTRING (153.0467662 -27.46203, 153.0473911 -27.4614001)",Browne Street,,,
303071985,200798029,0,27600510,tertiary,roundabout,True,False,12.655000000000001,"LINESTRING (153.0467662 -27.46203, 153.0467831 -27.4620471, 153.0467931 -27.4620681, 153.0467951 -27.4620908, 153.0467889 -27.4621129, 153.0467752 -27.4621321)",,,,
303071989,303071806,0,8028134,residential,,False,False,115.223,"LINESTRING (153.0410931 -27.4626052, 153.0418655 -27.461828)",Terrace Street,,,
303071989,26336292,0,8028134,residential,,False,True,53.163,"LINESTRING (153.0410931 -27.4626052, 153.0409046 -27.4628013, 153.0408648 -27.4628511, 153.0408348 -27.4628867, 153.040802 -27.462921, 153.0407914 -27.4629321, 153.0407515 -27.4629746)",Terrace Street,,,
303071989,303071808,0,27600504,residential,,False,True,54.687,"LINESTRING (153.0410931 -27.4626052, 153.0409798 -27.462516, 153.0408637 -27.4624246, 153.0406785 -27.4622788)",,,,
303299369,499943083,0,11346450,residential,,False,False,102.735,"LINESTRING (153.0427495 -27.4670363, 153.0420778 -27.4677423)",Langshaw Street,50,,
303299369,100928202,0,11346450,residential,,False,True,73.646,"LINESTRING (153.0427495 -27.4670363, 153.0430759 -27.4667103, 153.0431695 -27.4666167, 153.0432048 -27.4665814, 153.0432444 -27.4665405)",Langshaw Street,50,,
303299369,303299809,0,27619744,residential,,False,True,60.721999999999994,"LINESTRING (153.0427495 -27.4670363, 153.0426872 -27.4669877, 153.0422874 -27.4666756)",Gilbey Lane,,,
303299545,303299809,0,27619744,residential,,False,False,55.57,"LINESTRING (153.0418747 -27.4663355, 153.0422874 -27.4666756)",Gilbey Lane,,,
303299545,499943068,0,27619744,residential,,False,True,75.277,"LINESTRING (153.0418747 -27.4663355, 153.0413738 -27.4659361, 153.0413072 -27.465883)",Gilbey Lane,,,
303299545,499943491,0,27619773,residential,,False,False,112.48700000000001,"LINESTRING (153.0418747 -27.4663355, 153.041576 -27.4666455, 153.041206 -27.4670294, 153.0411338 -27.4671044)",Locke Street,,,
303299809,303299545,0,27619744,residential,,False,True,55.57,"LINESTRING (153.0422874 -27.4666756, 153.0418747 -27.4663355)",Gilbey Lane,,,
303299809,303299369,0,27619744,residential,,False,False,60.721999999999994,"LINESTRING (153.0422874 -27.4666756, 153.0426872 -27.4669877, 153.0427495 -27.4670363)",Gilbey Lane,,,
303299809,499943083,0,27619807,residential,,False,True,162.143,"LINESTRING (153.0422874 -27.4666756, 153.0422272 -27.4667375, 153.0416262 -27.4673918, 153.0420059 -27.4676865, 153.0420778 -27.4677423)",Bowman Lane,,,
318624938,200762420,0,19321599,residential,,False,True,124.098,"LINESTRING (153.0467784 -27.4588032, 153.0464497 -27.4588536, 153.0463061 -27.4587507, 153.0459717 -27.4585033, 153.045738 -27.4583305)",Little Chester Street,,,
318625191,318625624,0,28977051,tertiary,roundabout,True,False,10.167,"LINESTRING (153.0511544 -27.4654835, 153.0511583 -27.4655061, 153.0511537 -27.4655286, 153.051141 -27.4655485, 153.0511217 -27.4655636)",,,,
318625511,318625512,0,1011001579,tertiary,roundabout,True,False,12.646,"LINESTRING (153.0447048 -27.4572913, 153.0447356 -27.457319, 153.0447423 -27.4573367, 153.0447429 -27.4573554, 153.0447373 -27.4573735, 153.0447261 -27.4573893)",Kent Street,,,
318625512,200760369,0,28977069,residential,,False,False,63.231,"LINESTRING (153.0447261 -27.4573893, 153.0452102 -27.4577619)",Chester Street,,,
318625512,318625515,0,28977067,tertiary,roundabout,True,False,12.862,"LINESTRING (153.0447261 -27.4573893, 153.04471 -27.4574017, 153.0446905 -27.4574094, 153.0446693 -27.4574116, 153.0446483 -27.4574083, 153.0446124 -27.4573842)",Kent Street,,,
318625515,318625526,0,28977067,tertiary,roundabout,True,False,9.600999999999999,"LINESTRING (153.0446124 -27.4573842, 153.0446021 -27.4573646, 153.0445998 -27.4573431, 153.0446057 -27.4573222, 153.0446191 -27.4573042)",Kent Street,,,
318625515,363426148,0,32297846,tertiary,,False,True,247.26500000000001,"LINESTRING (153.0446124 -27.4573842, 153.0445445 -27.4574505, 153.0430129 -27.4590079, 153.0429635 -27.4590587)",Kent Street,,,
318625526,318625511,0,1011001579,tertiary,roundabout,True,False,9.164,"LINESTRING (153.0446191 -27.4573042, 153.0446375 -27.4572917, 153.0446595 -27.457285, 153.0446827 -27.4572849, 153.0447048 -27.4572913)",Kent Street,,,
318625624,318625627,0,28977051,tertiary,roundabout,True,False,9.936,"LINESTRING (153.0511217 -27.4655636, 153.0510984 -27.4655721, 153.0510733 -27.4655735, 153.051049 -27.4655678, 153.051028 -27.4655554)",,,,
318625624,100950140,0,28977082,tertiary,,False,False,121.32499999999999,"LINESTRING (153.0511217 -27.4655636, 153.0514035 -27.4663353, 153.051634 -27.4665264)",Lamington Street,,,
318625627,100950225,0,11348321,residential,,False,False,194.696,"LINESTRING (153.051028 -27.4655554, 153.050996 -27.4655921, 153.0502512 -27.466296, 153.0499008 -27.4666611, 153.0498209 -27.4667509, 153.0497383 -27.4668037, 153.0496951 -27.4668428)",Sydney Street,50,,
318625627,318625631,0,28977051,tertiary,roundabout,True,False,13.495000000000001,"LINESTRING (153.051028 -27.4655554, 153.0510139 -27.4655395, 153.0510055 -27.4655207, 153.0510037 -27.4655005, 153.0510085 -27.4654808, 153.0510197 -27.4654631, 153.0510361 -27.4654491)",,,,
318625631,318625191,0,28977051,tertiary,roundabout,True,False,14.200000000000001,"LINESTRING (153.0510361 -27.4654491, 153.0510576 -27.4654397, 153.0510813 -27.4654365, 153.051105 -27.4654399, 153.0511264 -27.4654496, 153.0511434 -27.4654646, 153.0511544 -27.4654835)",,,,
318625631,100950130,0,28977080,tertiary,,False,True,118.253,"LINESTRING (153.0510361 -27.4654491, 153.0508867 -27.4653299, 153.0506801 -27.4651748, 153.0501282 -27.4647549)",Lamington Street,,,
363426095,26336287,0,28994289,tertiary,,False,True,111.318,"LINESTRING (153.0428713 -27.4590605, 153.0420226 -27.4584009)",James Street,50,2,
363426095,363426148,0,32297844,tertiary,roundabout,True,False,10.006,"LINESTRING (153.0428713 -27.4590605, 153.0428922 -27.4590478, 153.042917 -27.459043, 153.042942 -27.4590468, 153.0429635 -27.4590587)",,,,
363426148,363426182,0,32297844,tertiary,roundabout,True,False,9.816,"LINESTRING (153.0429635 -27.4590587, 153.0429782 -27.4590765, 153.0429844 -27.4590979, 153.0429813 -27.4591198, 153.0429693 -27.4591391)",,,,
363426148,318625515,0,32297846,tertiary,,False,False,247.26500000000001,"LINESTRING (153.0429635 -27.4590587, 153.0430129 -27.4590079, 153.0445445 -27.4574505, 153.0446124 -27.4573842)",Kent Street,,,
363426182,26336293,0,32297854,tertiary,,False,False,116.586,"LINESTRING (153.0429693 -27.4591391, 153.0430141 -27.4591767, 153.0433567 -27.4594644, 153.0438363 -27.4598514)",James Street,,,
363426182,363426205,0,131002685,tertiary,roundabout,True,False,10.167,"LINESTRING (153.0429693 -27.4591391, 153.0429493 -27.4591535, 153.0429246 -27.4591601, 153.042899 -27.4591577, 153.0428763 -27.4591469)",,,,
363426205,26336289,0,27600524,tertiary,,False,True,458.373,"LINESTRING (153.0428763 -27.4591469, 153.0428401 -27.4591834, 153.0401038 -27.4619433, 153.0398848 -27.4621647, 153.0398645 -27.4621824, 153.0398019 -27.462237)",Kent Street,50,,
363426205,363426095,0,131002685,tertiary,roundabout,True,False,10.767,"LINESTRING (153.0428763 -27.4591469, 153.042862 -27.4591323, 153.0428539 -27.4591143, 153.0428527 -27.459095, 153.0428588 -27.4590763, 153.0428713 -27.4590605)",,,,
499943068,100928045,0,19569428,residential,,False,False,54.608,"LINESTRING (153.0413072 -27.465883, 153.0410092 -27.4661809, 153.0409517 -27.4662584)",Barker Street,,,
499943068,11640495688,0,19569428,residential,,False,True,70.524,"LINESTRING (153.0413072 -27.465883, 153.0416068 -27.4655732, 153.0417744 -27.465403)",Barker Street,,,
499943068,303299545,0,27619744,residential,,False,False,75.277,"LINESTRING (153.0413072 -27.465883, 153.0413738 -27.4659361, 153.0418747 -27.4663355)",Gilbey Lane,,,
499943083,303299369,0,11346450,residential,,False,True,102.735,"LINESTRING (153.0420778 -27.4677423, 153.0427495 -27.4670363)",Langshaw Street,50,,
499943083,100928077,0,11346450,residential,,False,False,87.87899999999999,"LINESTRING (153.0420778 -27.4677423, 153.0415537 -27.4682751, 153.0414877 -27.4683341)",Langshaw Street,50,,
499943083,303299809,0,27619807,residential,,False,False,162.143,"LINESTRING (153.0420778 -27.4677423, 153.0420059 -27.4676865, 153.0416262 -27.4673918, 153.0422272 -27.4667375, 153.0422874 -27.4666756)",Bowman Lane,,,
499943491,100928063,0,73532286,residential,,False,False,74.722,"LINESTRING (153.0411338 -27.4671044, 153.0413194 -27.4677559)",Moray Street,50,,
499943491,303299545,0,27619773,residential,,False,True,112.487,"LINESTRING (153.0411338 -27.4671044, 153.041206 -27.4670294, 153.041576 -27.4666455, 153.0418747 -27.4663355)",Locke Street,,,
499943491,100928045,0,73532286,residential,,False,True,96.588,"LINESTRING (153.0411338 -27.4671044, 153.0409371 -27.4663845, 153.0409355 -27.4663159, 153.0409517 -27.4662584)",Moray Street,50,,
554230434,26336328,0,19677443,residential,,False,False,118.82799999999999,"LINESTRING (153.0442114 -27.4594574, 153.0449075 -27.4587192, 153.0449737 -27.4586918, 153.0450094 -27.4586653)",Gibbon Street,,,
554230434,26336293,0,19677443,residential,,False,True,57.351,"LINESTRING (153.0442114 -27.4594574, 153.0440546 -27.4596206, 153.0439023 -27.4597816, 153.0438363 -27.4598514)",Gibbon Street,,,
554230434,554230449,0,43763616,residential,,False,True,145.72,"LINESTRING (153.0442114 -27.4594574, 153.0437858 -27.4591207, 153.0443792 -27.4585124)",Dawson Lane,,,
554230449,554230434,0,43763616,residential,,False,False,145.72,"LINESTRING (153.0443792 -27.4585124, 153.0437858 -27.4591207, 153.0442114 -27.4594574)",Dawson Lane,,,
778867198,170851484,0,16555724,residential,,False,True,53.3,"LINESTRING (153.0506755 -27.4625485, 153.0504437 -27.4627809, 153.0503962 -27.4628052, 153.050366 -27.4628123, 153.0503274 -27.4628156, 153.0502621 -27.4628212)",Riverview Court,,,
1470286504,1470286603,0,133582715,residential,,False,False,102.4,"LINESTRING (153.0448093 -27.4606813, 153.0455036 -27.461242, 153.0455613 -27.4612314, 153.0455887 -27.4612054)",James Street,,1,
1470286603,26336320,0,131002686,tertiary,,False,False,22.245,"LINESTRING (153.0455887 -27.4612054, 153.0457587 -27.4613368)",James Street,60,,
1470286603,26336319,0,131002686,tertiary,,False,True,110.171,"LINESTRING (153.0455887 -27.4612054, 153.0447563 -27.460545)",James Street,60,,
1470286603,1470286504,0,133582715,residential,,False,True,102.4,"LINESTRING (153.0455887 -27.4612054, 153.0455613 -27.4612314, 153.0455036 -27.461242, 153.0448093 -27.4606813)",James Street,,1,
2358200532,2358200533,0,227087070,residential,,False,False,54.269,"LINESTRING (153.0435576 -27.4645344, 153.0439734 -27.4648539)",,,,
2358200533,228462766,0,27600523,residential,,False,True,127.747,"LINESTRING (153.0439734 -27.4648539, 153.0448224 -27.4639865)",Browne Street,,,
2358200533,2358200532,0,227087070,residential,,False,True,54.269,"LINESTRING (153.0439734 -27.4648539, 153.0435576 -27.4645344)",,,,
2358200533,228463674,0,21240973,residential,,False,False,42.421,"LINESTRING (153.0439734 -27.4648539, 153.0440383 -27.4649043, 153.0442968 -27.4651053)",Beattie Lane,,,
2358200533,100927842,0,27600523,residential,,False,False,52.32,"LINESTRING (153.0439734 -27.4648539, 153.0439043 -27.4649262, 153.0438169 -27.4650103, 153.0437275 -27.4651113, 153.0436913 -27.4651492, 153.0436689 -27.4651727, 153.04363 -27.4652122)",Browne Street,,,
3798145737,100950144,0,13860887,residential,,True,False,182.123,"LINESTRING (153.0523891 -27.4677876, 153.0523318 -27.4677789, 153.0522165 -27.4677373, 153.0521042 -27.4677322, 153.0519857 -27.4677735, 153.0516307 -27.4676929, 153.0516023 -27.4676445, 153.0516905 -27.4673687, 153.0521602 -27.4669416)",Hopetoun Way,,,
3798145737,9119007307,0,13860888,residential,,False,False,48.655,"LINESTRING (153.0523891 -27.4677876, 153.052385 -27.467818, 153.0523781 -27.4678616, 153.0523892 -27.4678859, 153.0524139 -27.4679122, 153.0525374 -27.4680096, 153.052667 -27.4681148)",Binkenba Court,,,
4416254158,9949476155,0,8028130,residential,,True,False,11.267,"LINESTRING (153.0388948 -27.4630578, 153.0389221 -27.4630536, 153.0389481 -27.4630471, 153.0389618 -27.4630428, 153.0389736 -27.4630392, 153.039005 -27.4630319)",Kent Street,50,1,
4416254158,9949476162,0,1085833488,residential,,True,False,9.984,"LINESTRING (153.0388948 -27.4630578, 153.0389265 -27.4630905, 153.0389388 -27.4630993, 153.0389535 -27.4631113, 153.038963 -27.4631236)",Bowen Terrace,50,1,
6275530526,26336291,0,546260876,residential,,False,False,46.98799999999999,"LINESTRING (153.0401445 -27.4630653, 153.0402544 -27.4629527, 153.0403483 -27.4628686, 153.040378 -27.4628395, 153.0404024 -27.4628109, 153.0404198 -27.4627905, 153.0404553 -27.462746)",Bowen Street,50,,
6654284506,201214373,0,"[1065761872, 19359685]",residential,,False,True,43.625,"LINESTRING (153.0458917 -27.4577652, 153.0459209 -27.4577756, 153.0459439 -27.4577741, 153.0459678 -27.4577658, 153.0460472 -27.4576915, 153.046233 -27.4578353)",Ellis Street,,,3
9119007307,3798145737,0,13860888,residential,,False,True,48.655,"LINESTRING (153.052667 -27.4681148, 153.0525374 -27.4680096, 153.0524139 -27.4679122, 153.0523892 -27.4678859, 153.0523781 -27.4678616, 153.052385 -27.467818, 153.0523891 -27.4677876)",Binkenba Court,,,
9949476155,9949476162,0,1085833485,residential,,True,False,11.036999999999999,"LINESTRING (153.039005 -27.4630319, 153.0389871 -27.4630638, 153.0389817 -27.4630731, 153.0389778 -27.4630821, 153.038963 -27.4631236)",Kent Street,50,1,
9949476155,26336289,0,1085833486,residential,,False,False,118.35300000000001,"LINESTRING (153.039005 -27.4630319, 153.0394737 -27.462555, 153.03972 -27.4623046, 153.0397391 -27.4622889, 153.0398019 -27.462237)",Kent Street,50,,
9949476162,26336346,0,1085833487,residential,,True,False,86.01599999999999,"LINESTRING (153.038963 -27.4631236, 153.0389794 -27.4631495, 153.0389845 -27.4631573, 153.0389972 -27.4631688, 153.0390353 -27.4631951, 153.039073 -27.4632197, 153.039523 -27.463568, 153.0395703 -27.4636072, 153.0396085 -27.4636399)",Bowen Terrace,50,1,
11640495688,100928202,0,15381720,residential,,False,False,192.44,"LINESTRING (153.0417744 -27.465403, 153.0418208 -27.4654384, 153.041847 -27.4654587, 153.0420872 -27.4656443, 153.0432444 -27.4665405)",Bowen Terrace,50,,
11640495688,26336387,0,15381720,residential,,False,True,188.61300000000003,"LINESTRING (153.0417744 -27.465403, 153.0417275 -27.4653672, 153.0417037 -27.4653487, 153.0414616 -27.4651604, 153.0413438 -27.4650549, 153.0409155 -27.4646402, 153.0408022 -27.46453, 153.0407254 -27.4644671, 153.0406198 -27.4643902, 153.0404758 -27.4642826, 153.0404575 -27.4642642, 153.0404485 -27.4642514, 153.0404404 -27.4642363, 153.0404344 -27.4642199, 153.0404316 -27.4642073)",Bowen Terrace,50,,
11640495688,499943068,0,19569428,residential,,False,False,70.524,"LINESTRING (153.0417744 -27.465403, 153.0416068 -27.4655732, 153.0413072 -27.465883)",Barker Street,,,
11640495688,100927821,0,19569428,residential,,False,True,136.49599999999998,"LINESTRING (153.0417744 -27.465403, 153.0418328 -27.4653438, 153.041896 -27.4652796, 153.0422291 -27.4649414, 153.0424887 -27.4646773, 153.042579 -27.4645846, 153.0426147 -27.4645432, 153.0426759 -27.4644722)",Barker Street,,,
